OID_,id,START_X,START_Y,END_X,END_Y,start_DomL,end_DomLoc,FlowDir,multInt,long,lat,hl_link
0,800017928,-155.092785179999993,19.725758964800001,-155.091523512999999,19.725797830800001,o,i,1,0,-155.091971768999997,19.725741392800000,HI-1
1,800010982,-155.594377159999993,20.112291622899999,-155.590912492999990,20.119639955499999,o,i,1,0,-155.592809743000004,20.116090104700000,HI-2
2,800001944,-155.598379359999996,20.110177155999999,-155.595367692999986,20.112032622899999,i,o,-1,0,-155.596371524999995,20.111773755900000,HI-3
3,800008770,-155.601279959999999,20.107391423199999,-155.598379359999996,20.110177155999999,o,i,1,0,-155.599915844000009,20.108668976099999,HI-4
4,800000020,-155.773496891000008,19.968742232899999,-155.827895557000005,19.980600566300001,o,i,1,0,-155.826442797999988,19.980312098300001,HI-5
5,800013063,-155.986354092999989,19.638457853799999,-155.989060158999990,19.637923453900001,o,i,1,0,-155.989052073000011,19.637925133900001,HI-6
6,800010963,-155.606112518999993,18.991625276600001,-155.602518586000002,18.971673410400001,o,i,1,0,-155.602504315000004,18.984734658800001,HI-7
7,800006481,-155.677594719000012,18.936281613799999,-155.683337918999996,18.922813281600000,o,i,1,0,-155.682516193999987,18.922810554600002,HI-8
8,800001905,-155.647314985999998,18.935656880100002,-155.646696119000012,18.935563213100000,o,i,1,0,-155.646794279000005,18.935584168100000,HI-9
9,800004193,-155.653675119000013,18.952098612499999,-155.642485185999988,18.935281679999999,o,i,1,0,-155.643964383999986,18.936791174000000,HI-10
10,800006501,-155.644748319000001,18.957364812100000,-155.633841386000000,18.943585612400000,o,i,1,0,-155.634576036999988,18.944909328400001,HI-11
11,800017584,-155.654414384999995,18.961009879100001,-155.633841386000000,18.943585612400000,o,i,1,0,-155.635038307999992,18.944167050400001,HI-12
12,800010940,-155.652839918000012,18.968423678800001,-155.632748386000003,18.942561612399999,o,i,1,0,-155.633943262000003,18.945829537300000,HI-13
13,800006510,-155.639385118999996,18.959978278800001,-155.629472985999996,18.947635612100001,o,i,1,0,-155.629723189999993,18.948279299100001,HI-14
14,800015369,-155.629372518999986,18.955159878800000,-155.626364985999999,18.952869278800001,o,i,1,0,-155.626915051999987,18.952854517799999,HI-15
15,800017590,-155.639329118000006,18.978675810999999,-155.621492719000003,18.965959211099999,o,i,1,0,-155.622486000000009,18.967063274099999,HI-16
16,800008734,-155.638728385000007,18.973386211200001,-155.621492719000003,18.965959211099999,o,i,1,0,-155.622771172000000,18.966062377099998,HI-17
17,800013161,-155.635265984999990,18.985065277600000,-155.615386118999993,18.972533477700001,o,i,1,0,-155.617125581000010,18.975523470599999,HI-18
18,800013162,-155.641335317999989,18.986150810700000,-155.615386118999993,18.972533477700001,o,i,1,0,-155.618618722000008,18.972754487700001,HI-19
19,800008749,-155.614145519000004,18.981274677199998,-155.612302319000008,18.972639077600000,o,i,1,0,-155.613398186000012,18.978754476300001,HI-20
20,800010998,-155.534146117000006,19.135105601399999,-155.524431983999989,19.113522602100002,o,i,1,0,-155.524521821000008,19.117031765000000,HI-21
21,800002042,-155.333115784999990,19.269022056800001,-155.310831519999994,19.247631590299999,o,i,1,0,-155.312141086999986,19.250633390200001,HI-22
22,800017746,-155.310263786000007,19.263077856599999,-155.301441186000005,19.258370656600000,o,i,1,0,-155.303266108000003,19.258354665599999,HI-23
23,800011260,-155.083646581000011,19.702163365699999,-155.080172180999995,19.714177365099999,o,i,1,0,-155.081257090999998,19.708730550300000,HI-24
24,800006794,-155.102187114000003,19.708287231800000,-155.076644114000004,19.720492964700000,o,i,1,0,-155.086537044000011,19.718814158000001,HI-25
25,800013451,-155.099775779999987,19.732551230700000,-155.088943580000006,19.732856630400001,o,i,1,0,-155.089803432999986,19.732646385500001,HI-26
26,800011224,-155.125015778999995,19.744897164600001,-155.090420779999988,19.734117164400001,o,i,1,0,-155.090683014999996,19.734036612400001,HI-27
27,800015703,-155.097046978999998,19.792216428000000,-155.089840379000009,19.792575761900000,o,i,1,0,-155.090198097000012,19.792523444899999,HI-28
28,800015672,-155.132918711000002,19.800776162300000,-155.090273179000008,19.804203561400001,o,i,1,0,-155.090358807999991,19.804151544400000,HI-29
29,800011266,-155.090483110999998,19.833350226099999,-155.084623778000008,19.830554560100001,o,i,1,0,-155.084838800000000,19.830622332099999,HI-30
30,800013467,-155.089811978000000,19.850236159400001,-155.083859778000004,19.851657759199998,o,i,1,0,-155.084306061999996,19.851710473200001,HI-31
31,800017924,-155.098706310000011,19.861559024999998,-155.095547509999989,19.865072424800001,o,i,1,0,-155.095615729000002,19.864550374800000,HI-32
32,800006790,-155.122252309999993,19.853166359799999,-155.098679177000008,19.868050157700001,o,i,1,0,-155.098974878000007,19.867038983800001,HI-33
33,800002201,-155.160509708000006,19.923706356499999,-155.155456175000012,19.928390756199999,o,i,1,0,-155.155545474000007,19.928278139200000,HI-34
34,800011313,-155.190813574000003,19.907004424800000,-155.157580375000009,19.932052023099999,o,i,1,0,-155.157946264999993,19.931979328099999,HI-35
35,800015602,-155.189917707000006,19.918449957299998,-155.169606907000002,19.940922222899999,o,i,1,0,-155.169650364999995,19.940690900900002,HI-36
36,800015749,-155.204371173999988,19.920606824400000,-155.179527107000013,19.949670555699999,o,i,1,0,-155.179728116000007,19.949480594699999,HI-37
37,800002068,-155.247247103999996,19.988148755200001,-155.241502104000006,19.993887221900000,o,i,1,0,-155.243382725000004,19.992343189000000,HI-38
38,800013304,-155.282964569000001,19.997032555499999,-155.266818769999986,20.010571754600001,o,i,1,0,-155.266911037000000,20.010511674600000,HI-39
39,800015510,-155.330417901999994,20.030635421900001,-155.328799368000006,20.036404621599999,o,i,1,0,-155.328818915999989,20.036313696600001,HI-40
40,800004334,-155.340422101999991,20.018930955599998,-155.331846101999986,20.038633621500001,o,i,1,0,-155.331883261000002,20.038593600500000,HI-41
41,800011076,-155.355126100999996,20.033663822200001,-155.350621901000011,20.048626554399998,o,i,1,0,-155.350664107000000,20.048556720400001,HI-42
42,800004319,-155.375015901000012,20.024992822900000,-155.355631901000010,20.050050954400000,o,i,1,0,-155.355764746000006,20.049960222500001,HI-43
43,800017722,-155.410931898999991,20.075140954300000,-155.409912165000009,20.077216021200002,o,i,1,0,-155.409992791000008,20.077112882200002,HI-44
44,800015478,-155.421033964999992,20.074057354499999,-155.418178764999993,20.082699154099998,o,i,1,0,-155.418577464000009,20.082316919099998,HI-45
45,800017705,-155.449568497000001,20.075614022000000,-155.441163297000003,20.092215821100002,o,i,1,0,-155.441369532000010,20.091957281100001,HI-46
46,800004266,-155.497037296000002,20.093000421999999,-155.491637161999989,20.108661621200000,o,i,1,0,-155.491791704000008,20.108357297200001,HI-47
47,800013232,-155.537014961000011,20.104156822200000,-155.528424961000013,20.118774554400002,o,i,1,0,-155.528826807999991,20.118495965400001,HI-48
48,800004151,-155.780778553000005,20.232384153500000,-155.775943885999993,20.242657419899999,o,i,1,0,-155.775742683999994,20.241734296899999,HI-49
49,800015314,-155.796345285999990,20.216806421499999,-155.776521153000004,20.242272419900001,o,i,1,0,-155.777115344999999,20.241444381000001,HI-50
50,800008645,-155.882385884000001,20.215637622999999,-155.898220882999993,20.231537155500000,o,i,1,0,-155.896508778999987,20.229434314599999,HI-51
51,800017520,-155.859993886000012,20.125002227000000,-155.884444685999995,20.116175560900000,o,i,1,0,-155.883293108999993,20.116710358799999,HI-52
52,800013080,-155.851336687000014,20.105556027799999,-155.874963752000014,20.094701828700000,o,i,1,0,-155.874408961000000,20.095407594699999,HI-53
53,800004125,-155.843644353999991,20.094794961200002,-155.865224887000011,20.080387962200000,o,i,1,0,-155.864486395999990,20.080611185199999,HI-54
54,800013079,-155.847897286999995,20.077867629099998,-155.858139953999995,20.072906762500001,o,i,1,0,-155.857197731000014,20.073366409399998,HI-55
55,800013083,-155.814670487999990,20.080734561300002,-155.847956487999994,20.060732162899999,o,i,1,0,-155.847523157000012,20.061817874799999,HI-56
56,800015293,-155.815251555000003,20.064182029099999,-155.839859488000002,20.050834630200001,o,i,1,0,-155.839536070999998,20.051315999200000,HI-57
57,800004529,-155.782707289000001,20.069689628300001,-155.838415088000005,20.049470230200001,o,i,1,0,-155.838136910000003,20.049687695199999,HI-58
58,800008661,-155.769021758000008,20.015675163600001,-155.822497688999988,20.018887631399998,o,i,1,0,-155.819632313999989,20.018739887399999,HI-59
59,800001848,-155.823970156000001,20.013643364699998,-155.825117089000003,20.013830431700001,o,i,1,0,-155.824192020999988,20.013700487700000,HI-60
60,800000019,-155.862625901999991,19.413781861899999,-155.904936901000013,19.410505596000000,o,i,1,0,-155.904172904000006,19.410780521000000,HI-61
61,800004531,-155.712694093000010,19.981626364099998,-155.824754689999992,19.993967432600002,o,i,1,0,-155.822604995999995,19.993350049600000,HI-62
62,800009074,-155.783031958000009,19.956565233599999,-155.842237756999992,19.960182234600001,o,i,1,0,-155.829115163000012,19.968915806900000,HI-63
63,800004130,-155.811953955999996,20.029723230700000,-155.823570088999986,20.031901830799999,o,i,1,0,-155.822486652999999,20.031373414800001,HI-64
64,800010913,-155.734245288000011,20.192112554600001,-155.732463754999998,20.198221621300000,o,i,1,0,-155.733609132999987,20.197071596299999,HI-65
65,800015339,-155.732075487999992,20.200161354199999,-155.731681755000011,20.203155954000000,i,o,-1,0,-155.732298732999993,20.201302521100001,HI-66
66,800008667,-155.815060885000008,20.245651353400000,-155.810454284999992,20.256755752800000,o,i,1,0,-155.810459181999988,20.256738043799999,HI-67
67,800006423,-155.847047683999989,20.251645820699999,-155.847272350999987,20.265512220000002,o,i,1,0,-155.847146928000001,20.265183104999998,HI-68
68,800017677,-155.500016694999999,20.097842754900000,-155.492581295000008,20.109074021200001,o,i,1,0,-155.492706077999998,20.108917658199999,HI-69
69,800017721,-155.397030166000008,20.053699221999999,-155.393508566000008,20.067239554400000,o,i,1,0,-155.393509762999997,20.067234361400001,HI-70
70,800015361,-155.655863785999998,18.936274680299999,-155.647176986000005,18.931204080299999,o,i,1,0,-155.648211696000004,18.931145969300001,HI-71
71,800013149,-155.660168319000007,18.927050280800000,-155.656727719000003,18.921611881000000,o,i,1,0,-155.657771969999999,18.923695651900001,HI-72
72,800013150,-155.655043118999998,18.932030880500001,-155.649242318999995,18.928969680500000,o,i,1,0,-155.650250889000006,18.929379619500001,HI-73
73,800010862,-155.850109486999997,20.093351561399999,-155.867334687000010,20.084018829100000,o,i,1,0,-155.866409062000002,20.084438716099999,HI-74
74,800017523,-155.844902488000002,20.073603762200001,-155.855558553999998,20.068532962599999,o,i,1,0,-155.855558505999994,20.068532997599998,HI-75
75,800002067,-155.284763768999994,20.000005355399999,-155.278482569000005,20.017675554499998,o,i,1,0,-155.278532310000003,20.017603397500000,HI-76
76,800017756,-155.269762103999994,20.001984621999998,-155.266032703999997,20.009778821600001,o,i,1,0,-155.266078353000012,20.009704124599999,HI-77
77,800011098,-155.306229169000005,20.007461555500001,-155.297008903000005,20.023149754599999,o,i,1,0,-155.297029277999997,20.023092797600000,HI-78
78,800000025,-155.609758717000005,19.050578606999998,-155.579880785999990,19.018709207699999,o,i,1,0,-155.580730722999988,19.019721632700001,HI-79
79,800004445,-155.163382307999996,19.902263357500001,-155.141505174999992,19.917586423400000,o,i,1,0,-155.141607826000012,19.917371989399999,HI-80
80,800006725,-155.197586306000005,19.943701956300000,-155.190950305999991,19.954971622700000,o,i,1,0,-155.191058725999994,19.954794107700000,HI-81
81,800000044,-155.219811306999986,19.909395825200001,-155.181390106999999,19.950771555700001,o,i,1,0,-155.181627565000014,19.950659227700001,HI-82
82,800013445,-155.130297976000008,19.888564157499999,-155.122159576000001,19.894025957099998,o,i,1,0,-155.122323260000002,19.894059086100000,HI-83
83,800013444,-155.121795776999988,19.873569957899999,-155.113919576999990,19.880655757500001,o,i,1,0,-155.113770711999990,19.880055057500002,HI-84
84,800006808,-155.108535576999998,19.863940025100000,-155.101315309999990,19.868032824800000,o,i,1,0,-155.101428443999993,19.867881367799999,HI-85
85,800006824,-155.085003978000003,19.841373025599999,-155.084427978000008,19.841439225599999,o,i,1,0,-155.084434509000005,19.841439097599999,HI-86
86,800011265,-155.094251178000007,19.825113026499999,-155.086408578000004,19.824382360400001,o,i,1,0,-155.086540025000005,19.824321204400000,HI-87
87,800017920,-155.107148311999993,19.785513628499999,-155.086046312000008,19.783183762200000,o,i,1,0,-155.087454296000004,19.782994521199999,HI-88
88,800006817,-155.095164979999993,19.750225363799998,-155.090727979999997,19.750066429699999,o,i,1,0,-155.091087756000007,19.750055013699999,HI-89
89,800013086,-155.808271512999994,19.042118878099998,-155.821533380000005,19.014634479700000,o,i,1,0,-155.821038633999990,19.015093897700002,HI-90
90,800006796,-155.098935113000010,19.740738364300000,-155.089991580000003,19.738389630200000,o,i,1,0,-155.090583670000001,19.738512849199999,HI-91
91,800013262,-155.414959299000003,20.057246555199999,-155.405350564999992,20.076654154100002,o,i,1,0,-155.405416914000000,20.076316009199999,HI-92
92,800010871,-155.817281955999988,20.035803763499999,-155.823570088999986,20.031901830799999,o,i,1,0,-155.822449916000011,20.032170538799999,HI-93
93,800015691,-155.113216711000007,19.808332427600000,-155.090959712000000,19.804858561300001,o,i,1,0,-155.091280221999995,19.804801615399999,HI-94
94,800006394,-156.042031070999997,20.663052335700002,-156.041224271999994,20.662749602700000,o,i,1,0,-156.041759208000002,20.662914897699999,HI-95
95,800002302,-156.344725528999987,20.677074139500000,-156.446626858000002,20.714608006100001,o,i,1,0,-156.442590534000004,20.714484285000001,HI-96
96,800011317,-156.348617061999988,20.669580206900001,-156.444913525999993,20.695353007000001,o,i,1,0,-156.442197889999989,20.694651372999999,HI-97
97,800008403,-156.392015261000012,20.678779807100000,-156.444151658999999,20.688561807399999,o,i,1,0,-156.442164353999999,20.688535904300000,HI-98
98,800015052,-156.403471528000011,20.655132408499998,-156.441770060000010,20.657395809000000,o,i,1,0,-156.439605967999995,20.657099981900000,HI-99
99,800006868,-156.253821464999987,20.661518338899999,-156.243642733000001,20.608277341499999,o,i,1,0,-156.243657071000001,20.608309750499998,HI-100
100,800008569,-156.199508067000011,20.638589939300001,-156.196517733999997,20.627491939799999,o,i,1,0,-156.196695672000004,20.629286228700000,HI-101
101,800006351,-156.178131734000004,20.640261538899999,-156.184599666999986,20.626421606699999,o,i,1,0,-156.184132443000010,20.627318201600001,HI-102
102,800006384,-156.124051068000000,20.669109136599999,-156.112987736000008,20.634558205200001,o,i,1,0,-156.114067612000014,20.636086923099999,HI-103
103,800004092,-156.114090336000004,20.664501603700000,-156.110917736000005,20.637826138000001,o,i,1,0,-156.111620783000006,20.638114065000000,HI-104
104,800013064,-155.996880938000004,20.713941932499999,-155.988630537999995,20.712939332400001,o,i,1,0,-155.989369836999998,20.712644985400001,HI-105
105,800017512,-156.021310669999991,20.758860130599999,-155.986443070999997,20.761253929999999,o,i,1,0,-155.988649524000010,20.762139003000001,HI-106
106,800013061,-156.037134734999995,20.798071395899999,-156.036216335000006,20.805586795499998,o,i,1,0,-156.036665301999989,20.800907016699998,HI-107
107,800004108,-156.058238469000003,20.795472729299998,-156.051207068999986,20.806504795700000,o,i,1,0,-156.052005188000010,20.805085179700001,HI-108
108,800017498,-156.096475534000007,20.806662529299999,-156.093985532999994,20.827250195200001,o,i,1,0,-156.093949546000005,20.827151431200001,HI-109
109,800008590,-156.178131863999994,20.854936595000002,-156.167069131000005,20.861513394500001,o,i,1,0,-156.167215163999998,20.861700162500000,HI-110
110,800004053,-156.222073662000014,20.903735126099999,-156.213715729000000,20.907710325800000,o,i,1,0,-156.213933615000002,20.907815741800000,HI-111
111,800008398,-156.502551920999991,20.892632330500000,-156.484907120999992,20.910157596400001,o,i,1,0,-156.487949138000005,20.906993526600001,HI-112
112,800012820,-156.497287521000004,20.917804929100001,-156.491371453999989,20.917985196099998,o,i,1,0,-156.493022695000008,20.918356624099999,HI-113
113,800015022,-156.520371052999991,20.930884528800000,-156.503493319999990,20.934228728400001,o,i,1,0,-156.506669390000013,20.932644528499999,HI-114
114,800008390,-156.511593320000003,20.947053327799999,-156.509232120000007,20.948109727700000,o,i,1,0,-156.511280161999991,20.947275212800001,HI-115
115,800017143,-156.611922314999987,21.006401191999998,-156.618911048999990,21.023839125199999,o,i,1,0,-156.618570126999998,21.023085277200000,HI-116
116,800017126,-156.631287447999995,21.013240391899998,-156.638638047999990,21.012998992000000,o,i,1,0,-156.637977729999989,21.012574734000001,HI-117
117,800006031,-156.630399248999993,20.992633392999998,-156.646404913999987,21.008997992299999,o,i,1,0,-156.645586952000002,21.008530903299999,HI-118
118,800012701,-156.627897848999993,20.984283527399999,-156.649605314000013,21.004908526600001,o,i,1,0,-156.648955325999992,21.004482302600000,HI-119
119,800015756,-156.605742316000004,20.937358396600001,-156.649681514000008,21.004825992600001,o,i,1,0,-156.651451423999987,21.002012112799999,HI-120
120,800010467,-156.665183847999998,20.992556727400000,-156.667417247999992,20.994554393400001,o,i,1,0,-156.666119105000007,20.993065582400000,HI-121
121,800014858,-156.671968313999997,20.975911328399999,-156.677694312999989,20.977600128399999,o,i,1,0,-156.674510829000013,20.976728713400000,HI-122
122,800012660,-156.684151914000012,20.946522930200000,-156.690469113000006,20.950622530000000,o,i,1,0,-156.684697903999989,20.946786771199999,HI-123
123,800008214,-156.650989915999986,20.848099602000001,-156.654573249999999,20.845584135100001,o,i,1,0,-156.653755477000004,20.846196850100000,HI-124
124,800008250,-156.644683850999996,20.836331802499998,-156.645368917000013,20.833739402599999,o,i,1,0,-156.644705431999995,20.835837337499999,HI-125
125,800010471,-156.621551051000012,20.839038134999999,-156.637132116999993,20.829373202799999,o,i,1,0,-156.635730585999994,20.830332785700001,HI-126
126,800001485,-156.625225117000014,20.824208535899999,-156.630476850999997,20.822194936100001,o,i,1,0,-156.630422664999998,20.822219278100000,HI-127
127,800008309,-156.581689318999992,20.801474936500000,-156.581125452999999,20.795569336800000,o,i,1,0,-156.580731211000000,20.797252900699998,HI-128
128,800003785,-156.567442919000001,20.803344336199999,-156.573439718999992,20.793067136800001,o,i,1,0,-156.573473591000010,20.793566091799999,HI-129
129,800001547,-156.540313520000012,20.808559935500000,-156.522017655000013,20.778889136800000,o,i,1,0,-156.522514860999991,20.779062822800000,HI-130
130,800003819,-156.529250854999987,20.800271535800000,-156.510212122000013,20.792306202900001,o,i,1,0,-156.511484520000010,20.795734855799999,HI-131
131,800014971,-156.541256253999990,20.813430735200001,-156.506501122000003,20.794721935700000,o,i,1,0,-156.509521092000000,20.798002072599999,HI-132
132,800004555,-156.396871258999994,20.779191135000001,-156.464186256999994,20.782190135800001,o,i,1,0,-156.452729498999986,20.784091648499999,HI-133
133,800010621,-156.424027857999988,20.769608802899999,-156.450843523999993,20.764567736499998,o,i,1,0,-156.449122050000000,20.764807464499999,HI-134
134,800000050,-156.337386685000013,20.719456233199999,-156.458067123999996,20.757009137000001,o,i,1,0,-156.449741125999992,20.758627738800001,HI-135
135,800015041,-156.444093124000005,20.794370734899999,-156.457639723999989,20.789100335299999,o,i,1,0,-156.454585342000001,20.788489092300001,HI-136
136,800012653,-156.678159114000010,20.914753398799999,-156.690345282999999,20.910704993200000,o,i,1,0,-156.689889394000005,20.911861704100001,HI-137
137,800017249,-156.499085721999990,20.821732601200001,-156.485423056000002,20.803490402000001,o,i,1,0,-156.490344936000014,20.813922896499999,HI-138
138,800001608,-156.483233522999996,20.822851533900000,-156.474004455999989,20.802281734899999,o,i,1,0,-156.481887432000008,20.816231855300000,HI-139
139,800006156,-156.463084323000004,20.838087932800001,-156.472687656000005,20.802072134900001,o,i,1,0,-156.472669265999997,20.817649017099999,HI-140
140,800003914,-156.386166524000004,20.902808928399999,-156.394101256999988,20.914465394899999,o,i,1,0,-156.389590134000002,20.908211699199999,HI-141
141,800001620,-156.422149724000008,20.865292797900000,-156.444302322999988,20.894836196600000,o,i,1,0,-156.433479793000004,20.882945045100001,HI-142
142,800012661,-156.680942514000009,20.958395395499998,-156.684687448000005,20.960535729400000,o,i,1,0,-156.683558153999996,20.959418558500001,HI-143
143,800014860,-156.665471650000001,20.861231934500001,-156.669470915999995,20.858815001699998,o,i,1,0,-156.666774210999989,20.860929819500001,HI-144
144,800010616,-156.453121923999987,20.808628001199999,-156.465850856000003,20.803638134700002,o,i,1,0,-156.460984601999996,20.808137341399998,HI-145
145,800001616,-156.451129723999998,20.800967734600000,-156.458343923999990,20.798676401800002,o,i,1,0,-156.456736468999992,20.799616913800001,HI-146
146,800008205,-156.663835315000000,20.899012799400001,-156.684969247999987,20.901542132599999,o,i,1,0,-156.684383644000008,20.901454250600001,HI-147
147,800017066,-156.667448248999989,20.888895800000000,-156.685100449000004,20.885012800500000,o,i,1,0,-156.680670179000003,20.883607187500001,HI-148
148,800012665,-156.653103716000004,20.851082801800001,-156.656704649999995,20.848016935000000,o,i,1,0,-156.656318134000003,20.848497912999999,HI-149
149,800001463,-156.624770917000006,20.841438201900001,-156.639801650999999,20.831509135699999,o,i,1,0,-156.639657411000002,20.831668037699998,HI-150
150,800015758,-156.339310729999994,20.636409408500000,-156.332454530999996,20.583979211100001,o,i,1,0,-156.332701093999987,20.584328523100002,HI-151
151,800010465,-156.643446315000006,20.971008794300001,-156.668454114000014,20.991444527500001,o,i,1,0,-156.666228824999990,20.989332108599999,HI-152
152,800010470,-156.627015317000001,20.830136735600000,-156.633333117000006,20.825927135899999,o,i,1,0,-156.633301345000007,20.825947068900000,HI-153
153,800001482,-156.613113317999989,20.821783802799999,-156.627106717999993,20.812914336500000,o,i,1,0,-156.623566438000012,20.815992832300001,HI-154
154,800003754,-156.613770851999988,20.815586403200001,-156.613860452000011,20.809625603499999,o,i,1,0,-156.615235452000007,20.811576024400001,HI-155
155,800012725,-156.586376718999986,20.811163136000001,-156.591936519000001,20.800184803699999,o,i,1,0,-156.590178718999994,20.804317955399998,HI-156
156,800017338,-156.346342058000005,20.921257326900001,-156.352281658000010,20.935765193200002,o,i,1,0,-156.352225196000006,20.935660454200001,HI-157
157,800003878,-156.512800852999987,20.942997328000001,-156.510147052999997,20.942149394000001,o,i,1,0,-156.510456639000012,20.942578253000001,HI-158
158,800015021,-156.520933052999993,20.935661728500001,-156.507704853000007,20.937553595200001,o,i,1,0,-156.510635385999990,20.936777121300000,HI-159
159,800010522,-156.567931119000008,20.813256735600000,-156.581125452999999,20.795569336800000,o,i,1,0,-156.579912196999999,20.796533829700000,HI-160
160,800011315,-156.541502519999995,20.820965534900001,-156.492312922999986,20.799760602300001,o,i,1,0,-156.496914674000010,20.807373002900000,HI-161
161,800006865,-156.653455056000013,20.533743018700001,-156.694872253999989,20.522320152999999,o,i,1,0,-156.691264956999987,20.522895535899998,HI-162
162,800006070,-156.559777924000002,20.576617615000000,-156.552384122999996,20.592238814000002,o,i,1,0,-156.552750476000000,20.591510600100001,HI-163
163,800014962,-156.560559856999987,20.587713214400001,-156.553303656999987,20.592605614000000,o,i,1,0,-156.554914645999986,20.591751836099998,HI-164
164,800010519,-156.571870722999989,20.583173947799999,-156.585934121999998,20.600091414100000,o,i,1,0,-156.585903414000001,20.599969163200001,HI-165
165,800012718,-156.591105456999998,20.578002748399999,-156.604343722000010,20.590630147900001,o,i,1,0,-156.603955172000013,20.590674437899999,HI-166
166,800008278,-156.589130323000006,20.569120948799998,-156.615804655999995,20.582905948499999,o,i,1,0,-156.614586159999988,20.582035622500001,HI-167
167,800017129,-156.598963056999992,20.566784816100000,-156.617302521999989,20.582166548600000,o,i,1,0,-156.617189093000007,20.581829941599999,HI-168
168,800014922,-156.623532522000005,20.574060349100002,-156.626746722000007,20.576549216000000,o,i,1,0,-156.626200777999998,20.576396162000002,HI-169
169,800003730,-156.627345456000000,20.562943416700001,-156.636951520999986,20.569251416600000,o,i,1,0,-156.636925114000007,20.569222240599998,HI-170
170,800008212,-156.658070255000013,20.552337217800002,-156.663555521000006,20.557514417600000,o,i,1,0,-156.663092696999996,20.556992571599999,HI-171
171,800014949,-156.577180123000005,20.594750614300001,-156.582328856000004,20.601695614000000,o,i,1,0,-156.582082788999998,20.600983753000001,HI-172
172,800003765,-156.594648522000000,20.579007348400001,-156.605677656000012,20.589088015000002,o,i,1,0,-156.605413695999999,20.588685042000002,HI-173
173,800017132,-156.608833722000014,20.581046615500000,-156.614641056000011,20.583487815500000,o,i,1,0,-156.613440357000002,20.582826365500001,HI-174
174,800003806,-156.566387657000007,20.590922147299999,-156.558053922999989,20.596531746899998,o,i,1,0,-156.558806623999999,20.596133038900000,HI-175
175,800017173,-156.562040056999990,20.589794014300001,-156.557012522999997,20.595677746900002,o,i,1,0,-156.557532129999998,20.594773397000001,HI-176
176,800014924,-156.614174655999989,20.575543748899999,-156.618380322000007,20.581673615600000,o,i,1,0,-156.618423056000012,20.581311489600001,HI-177
177,800003708,-156.652828921000008,20.556935817500001,-156.654771054999998,20.560347417300001,o,i,1,0,-156.654325908999994,20.559782454299999,HI-178
178,800012664,-156.657388655000005,20.555376150600001,-156.660828320999997,20.558644150500001,o,i,1,0,-156.660063632000004,20.558163680500002,HI-179
179,800003709,-156.646662254999995,20.553352350600001,-156.653121320999986,20.561247617199999,o,i,1,0,-156.652329431999988,20.560589111300001,HI-180
180,800008247,-156.635583122000014,20.552738417400001,-156.643709454999993,20.564366749900000,o,i,1,0,-156.643165089000007,20.564111688899999,HI-181
181,800014851,-156.671070721000007,20.537284818800000,-156.690093654000009,20.540847551900001,o,i,1,0,-156.689505816999997,20.538201708999999,HI-182
182,800010437,-156.685325255000009,20.532408419300001,-156.694322919999991,20.536907219200000,o,i,1,0,-156.691621884999989,20.536038792199999,HI-183
183,800006864,-156.671258321000010,20.530604952200001,-156.694872253999989,20.522320152999999,o,i,1,0,-156.691566139999992,20.524107857800001,HI-184
184,800003699,-156.666886655000013,20.520502752599999,-156.682270920999997,20.512570020300000,o,i,1,0,-156.681551998999993,20.513191863199999,HI-185
185,800012651,-156.671139920999991,20.514235020000001,-156.681917655000007,20.511549553300000,o,i,1,0,-156.681520419000009,20.511540901299998,HI-186
186,800005926,-156.831930644000010,20.835147005200000,-156.823044643999992,20.848659537400000,o,i,1,0,-156.825051645999991,20.845612769599999,HI-187
187,800012584,-156.843237644999988,20.773008341800001,-156.831375712000010,20.766209541900000,o,i,1,0,-156.832103259999997,20.766765340900001,HI-188
188,800010391,-156.820203445000004,20.794505340299999,-156.816195711999995,20.789460407499998,o,i,1,0,-156.816555477000009,20.790730942400000,HI-189
189,800017039,-156.814889912000012,20.808050739399999,-156.806724045000010,20.806320939399999,o,i,1,0,-156.809012789999997,20.806542592400000,HI-190
190,800001387,-156.828061910999992,20.827655405600002,-156.816147311000009,20.836178604899999,o,i,1,0,-156.817229152000010,20.836224567900000,HI-191
191,800008165,-156.840461043999994,20.844026204900000,-156.828927644000004,20.856018336999998,o,i,1,0,-156.830481916999986,20.854521774100000,HI-192
192,800005909,-156.861740443000002,20.832786805800001,-156.833769644000000,20.860297736900002,o,i,1,0,-156.834632332000012,20.859305240899999,HI-193
193,800005912,-156.846122710000003,20.861516937000001,-156.839117909999999,20.865718136700000,o,i,1,0,-156.840040907000002,20.864402585699999,HI-194
194,800005910,-156.859894109999999,20.849873737799999,-156.845760442999989,20.869716736499999,o,i,1,0,-156.846097465000014,20.867766211599999,HI-195
195,800009091,-156.874318842999998,20.825168339400001,-156.852152310000008,20.876731203199999,o,i,1,0,-156.853804725000003,20.874329777400000,HI-196
196,800003631,-156.868590041999994,20.870231536799999,-156.858850109000002,20.882828003000000,o,i,1,0,-156.860033109000000,20.881056979099998,HI-197
197,800014783,-156.871607909000005,20.885886403000001,-156.867061309000007,20.890920535700001,o,i,1,0,-156.869177366999992,20.887960536900000,HI-198
198,800002295,-156.891487108000007,20.880686736600001,-156.881588840999996,20.903904535199999,o,i,1,0,-156.884568890999986,20.899616862399998,HI-199
199,800014759,-156.895221507999992,20.897608735700000,-156.886116708000003,20.905269602200001,o,i,1,0,-156.886993041000011,20.904659420200002,HI-200
200,800001315,-156.919582907000006,20.905210535599998,-156.914757640000005,20.919484134800001,o,i,1,0,-156.916136781000006,20.918108702900000,HI-201
201,800008053,-156.949342505999994,20.913925735599999,-156.947319106000009,20.922155335100001,o,i,1,0,-156.947774541000001,20.920816957200000,HI-202
202,800012498,-156.953292906000001,20.904649936100000,-156.952894039000000,20.923229535099999,o,i,1,0,-156.953582243999989,20.920585672200001,HI-203
203,800012483,-156.961907438999987,20.894806803800002,-156.967279705000010,20.923762135299999,o,i,1,0,-156.967092987999990,20.921482441399998,HI-204
204,800014689,-156.971018038000011,20.914800135800000,-156.971656437999997,20.922501802399999,o,i,1,0,-156.971712524999987,20.922356903400001,HI-205
205,800003552,-156.978205438000003,20.922354535499998,-156.977703837999996,20.926213735299999,o,i,1,0,-156.977858485000013,20.922789151500002,HI-206
206,800012466,-156.988299638000001,20.897308003999999,-156.994305437000008,20.927599202400000,o,i,1,0,-156.994465358000014,20.926429374500000,HI-207
207,800014656,-157.013386504000010,20.914078736400000,-157.015449036999996,20.925261402800000,o,i,1,0,-157.015866901999999,20.923855094899999,HI-208
208,800010227,-157.039515435999988,20.918677003500001,-157.039910835999990,20.919290603499999,o,i,1,0,-157.039623696999996,20.918845008500000,HI-209
209,800005753,-157.047959636000002,20.902389137600000,-157.058274568999991,20.903641537599999,o,i,1,0,-157.058143513999994,20.903541581599999,HI-210
210,800012459,-156.977134040000010,20.824869340799999,-156.988339905999993,20.820507808199999,o,i,1,0,-156.988226942000011,20.820535252199999,HI-211
211,800003561,-156.963521508000014,20.737463945500000,-156.965034508000002,20.733782812699999,o,i,1,0,-156.964604011000006,20.734526779599999,HI-212
212,800005866,-156.887314040999996,20.902894202300001,-156.883364508000000,20.904810735100000,o,i,1,0,-156.886453136999990,20.903216375300001,HI-213
213,800001267,-156.998231037000011,20.922593402699999,-157.002893637000000,20.926258335600000,o,i,1,0,-157.002106865999991,20.925804165599999,HI-214
214,800012495,-156.957704839000002,20.920054402300000,-156.958729438999995,20.922124935199999,o,i,1,0,-156.958276471000005,20.920970530300000,HI-215
215,800012450,-157.025599437000011,20.919354736300001,-157.029035902999993,20.923833403100002,o,i,1,0,-157.028854496999998,20.922778980200000,HI-216
216,800005783,-156.994703837999992,20.918561402900000,-156.995562836999994,20.927800135399998,o,i,1,0,-156.995762283000005,20.926088796500000,HI-217
217,800014670,-157.005689904000008,20.917972136100001,-157.007349304000002,20.926126935700001,o,i,1,0,-157.007204120000011,20.925793773700001,HI-218
218,800010271,-156.967258305000001,20.915177535700000,-156.971656437999997,20.922501802399999,o,i,1,0,-156.971557867000001,20.922355877400001,HI-219
219,800014686,-156.986111837999999,20.911896336200002,-156.978753705000003,20.926001802300000,o,i,1,0,-156.981488452999997,20.924110989399999,HI-220
220,800005815,-156.962511505999998,20.911316602900001,-156.960865106000000,20.923175002200001,o,i,1,0,-156.961922141000002,20.921323531300001,HI-221
221,800005770,-157.026179436000007,20.924682336000000,-157.026832503000009,20.924716603000000,o,i,1,0,-157.026256246999992,20.924686366000000,HI-222
222,800007996,-157.027008703999996,20.908332536900001,-157.037068035999994,20.920569736400001,o,i,1,0,-157.036983980999992,20.920374118400002,HI-223
223,800016884,-157.015645103999987,20.896341404400001,-157.034474103000008,20.922399403299998,o,i,1,0,-157.034323784000009,20.922146984299999,HI-224
224,800005754,-157.027617703999994,20.886712538099999,-157.059893168999992,20.888766338500002,o,i,1,0,-157.059256620000014,20.888917661499999,HI-225
225,800003512,-157.038112436999995,20.878946738700002,-157.052665168999994,20.877166406000001,o,i,1,0,-157.052623882000006,20.877137984000001,HI-226
226,800012461,-156.988924706000006,20.848942206699999,-157.001309439000011,20.841798140300000,o,i,1,0,-157.001207138000012,20.841844467300000,HI-227
227,800014738,-156.909092707000013,20.905687735400001,-156.905883506999999,20.916181801800001,o,i,1,0,-156.905917108000011,20.914948396900002,HI-228
228,800001298,-156.926843639999987,20.898878536100000,-156.922429306999987,20.919580534900000,o,i,1,0,-156.922599792999989,20.919353176900000,HI-229
229,800016944,-156.933962906999994,20.890556336600000,-156.929216440000005,20.920989934900000,o,i,1,0,-156.929323890999996,20.920809087900000,HI-230
230,800001351,-156.879131242000000,20.886472136100000,-156.876841842000005,20.897957602400002,o,i,1,0,-156.878127401000000,20.893370231700001,HI-231
231,800012568,-156.864176442000002,20.884222402999999,-156.861869909000006,20.884910202899999,o,i,1,0,-156.862570245000001,20.884354632000001,HI-232
232,800002294,-156.909871041000002,20.880272936899999,-156.891218240999990,20.909771135000000,o,i,1,0,-156.891733386999988,20.909037322000000,HI-233
233,800001349,-156.869549909000000,20.855821537600001,-156.856044309999987,20.879042936200001,o,i,1,0,-156.857100696999993,20.878163341200001,HI-234
234,800008166,-156.830041311000002,20.847148004499999,-156.826550110999989,20.851986404200002,o,i,1,0,-156.827678958000007,20.850129108299999,HI-235
235,800001369,-156.842271842999992,20.846945337699999,-156.830958111000001,20.858094804000000,o,i,1,0,-156.832093116000010,20.855996439100000,HI-236
236,800006862,-156.872418909999993,20.838487138600001,-156.848364443000008,20.873582203400002,o,i,1,0,-156.849414510999992,20.871769782499999,HI-237
237,800001386,-156.826781710999995,20.837547938000000,-156.821620510999992,20.841205604700001,o,i,1,0,-156.822527269000005,20.841363665700001,HI-238
238,800014813,-156.827535844000010,20.831015538399999,-156.821620510999992,20.841205604700001,o,i,1,0,-156.821931250000006,20.840793893800001,HI-239
239,800008040,-156.947344909000009,20.750854811500002,-156.950641708999996,20.735096945399999,o,i,1,0,-156.950336641000007,20.735727767400000,HI-240
240,800016921,-156.953410442000006,20.747175011800000,-156.956000241999988,20.734565545500001,o,i,1,0,-156.955890681999989,20.735859888400000,HI-241
241,800008036,-156.955758042000014,20.745931544899999,-156.956353841999999,20.734559945499999,o,i,1,0,-156.956711737999996,20.736005677400001,HI-242
242,800001364,-156.849232043999990,20.789828540900000,-156.822936844999987,20.781338941000001,o,i,1,0,-156.823427449999997,20.781639251000001,HI-243
243,800012599,-156.836565245000003,20.779118941299998,-156.827501111999993,20.773662408500002,o,i,1,0,-156.827532474000009,20.773682092500000,HI-244
244,800018471,-156.896049710999989,20.740025744299999,-156.896074843999997,20.739965944300000,o,i,1,0,-156.896070930999997,20.739975253299999,HI-245
245,800001308,-156.907352309999993,20.748408811000001,-156.901560109999991,20.738351011500001,o,i,1,0,-156.902096884999992,20.739483012400001,HI-246
246,800001388,-156.821939310999994,20.826392405499998,-156.812798245000010,20.831440605099999,o,i,1,0,-156.813686585999989,20.830339422200002,HI-247
247,800017027,-156.823725044000014,20.822051205800001,-156.811504711999987,20.829783805200002,o,i,1,0,-156.812793727000013,20.828629244300000,HI-248
248,800005944,-156.818229112000012,20.819306005900000,-156.808307912000004,20.825845138399998,o,i,1,0,-156.810772447000005,20.823760005499999,HI-249
249,800005943,-156.818459445000002,20.814689939099999,-156.805811312000003,20.815484138900000,o,i,1,0,-156.807225958999993,20.815227037900002,HI-250
250,800017038,-156.817316645000005,20.806238206600000,-156.809393844999988,20.801658539700000,o,i,1,0,-156.809983939999995,20.801928516699999,HI-251
251,800012600,-156.830879044999989,20.787649407800000,-156.820602511999994,20.784229607800000,o,i,1,0,-156.822017135999999,20.784914207800000,HI-252
252,800005732,-157.219237759000009,21.180687190200000,-157.248323158000005,21.190075322999999,o,i,1,0,-157.245163624000014,21.188934012000001,HI-253
253,800003662,-156.838447839999986,21.081308590900001,-156.831534107000010,21.063365991800001,o,i,1,0,-156.831694669000001,21.063790567800002,HI-254
254,800003663,-156.823800506999987,21.079616990800002,-156.819510441000006,21.065274591500000,o,i,1,0,-156.820006156999995,21.066389917500000,HI-255
255,800012410,-157.210633159999986,21.192306789400000,-157.248398957999996,21.193885189800000,o,i,1,0,-157.246238997999995,21.193738538800002,HI-256
256,800012404,-157.260607158999989,21.145633526699999,-157.278930624999987,21.154448125399998,o,i,1,0,-157.276163155000006,21.153599209399999,HI-257
257,800012402,-157.276352957999990,21.137396593300000,-157.289258757999988,21.141464327300000,o,i,1,0,-157.280889198000011,21.138102089400000,HI-258
258,800005727,-157.277936825000012,21.128818393900001,-157.289610358000004,21.137643127499999,o,i,1,0,-157.286409947000010,21.135768243600001,HI-259
259,800012401,-157.271023559000014,21.114773194600001,-157.296739158000008,21.129278528099999,o,i,1,0,-157.293786546000007,21.128155635100001,HI-260
260,800012400,-157.278398358999993,21.105787195200001,-157.301224358000013,21.112523129100001,o,i,1,0,-157.295554578000008,21.114436750900001,HI-261
261,800005723,-157.292908425000007,21.105295329400001,-157.301224358000013,21.112523129100001,o,i,1,0,-157.297310063999987,21.111956188099999,HI-262
262,800012412,-157.229659626999990,21.101104328800002,-157.227462559999992,21.088671929499998,o,i,1,0,-157.226565695000005,21.091346363300001,HI-263
263,800014613,-157.220584427999995,21.097226194899999,-157.221372760999998,21.089468795399998,o,i,1,0,-157.221935405000011,21.092564277200001,HI-264
264,800016863,-157.210552560999986,21.095775328900000,-157.213880961000001,21.090033929200001,o,i,1,0,-157.212446591000003,21.092283483100001,HI-265
265,800014620,-157.191877427999998,21.115879527499999,-157.197764360999997,21.090375195000000,o,i,1,0,-157.196985076999994,21.091249130000001,HI-266
266,800010203,-157.185652828000002,21.118397327299999,-157.193493762000003,21.091026328900000,o,i,1,0,-157.193105013999997,21.092458354800002,HI-267
267,800014621,-157.180202962000010,21.122753726999999,-157.189404829000011,21.091302928899999,o,i,1,0,-157.188729884999987,21.092065603799998,HI-268
268,800003487,-157.180879228999999,21.106539393900000,-157.180141561999989,21.091288928699999,o,i,1,0,-157.180180046000004,21.092647234699999,HI-269
269,800012418,-157.177582761999986,21.110305993600001,-157.176181629000013,21.091399928700000,o,i,1,0,-157.176338496999989,21.093327568599999,HI-270
270,800007979,-157.171016828999996,21.108038993699999,-157.169728762000005,21.092419794500000,o,i,1,0,-157.169845081999995,21.093883781500001,HI-271
271,800003490,-157.162085829000006,21.099985793999998,-157.161403962999998,21.091705394500000,o,i,1,0,-157.162438075000011,21.094046224400000,HI-272
272,800005740,-157.151198163000004,21.116409992900000,-157.157731630000001,21.092718928400000,o,i,1,0,-157.157663283000005,21.093949570300001,HI-273
273,800007980,-157.147536363000000,21.105454193500002,-157.150374962999990,21.092394794299999,o,i,1,0,-157.150391761000009,21.094649878199998,HI-274
274,800010217,-157.134893162999987,21.098462327800000,-157.134670362999998,21.095285593900002,o,i,1,0,-157.134899280000013,21.097977148799998,HI-275
275,800010242,-157.001081301999989,21.108539191500000,-157.025127701000002,21.090487926800002,o,i,1,0,-157.020574044999989,21.094489594500001,HI-276
276,800010253,-156.967255902999995,21.103330925300000,-156.992263901999991,21.076943793100000,o,i,1,0,-156.991441893999990,21.078516935000000,HI-277
277,800002293,-156.960237503000002,21.093182991799999,-156.976147835999996,21.070669793299999,o,i,1,0,-156.975623740999993,21.072096783199999,HI-278
278,800003600,-156.914841437999996,21.061391926999999,-156.916417437999996,21.057589927199999,o,i,1,0,-156.914781277000003,21.059192137099998,HI-279
279,800003601,-156.908872505000005,21.060686992899999,-156.909672838000006,21.055830327199999,o,i,1,0,-156.908721963999994,21.058239995099999,HI-280
280,800003632,-156.879518039000004,21.059470926600000,-156.882133906000007,21.047538993300002,o,i,1,0,-156.879484859000002,21.055043740900000,HI-281
281,800017004,-156.871356238999994,21.060197992500001,-156.868529440000003,21.049469593000001,o,i,1,0,-156.869709879999988,21.054216974799999,HI-282
282,800015754,-156.848511239000004,21.102356723900002,-156.837399040000008,21.059688392100000,o,i,1,0,-156.837346485000012,21.059944005100000,HI-283
283,800012603,-156.829185239999987,21.073289525200000,-156.823612507999997,21.061652925800001,o,i,1,0,-156.825947436000007,21.064153716700002,HI-284
284,800003675,-156.805858908000005,21.072638125000001,-156.802601041000003,21.066818725200001,o,i,1,0,-156.804363316999996,21.070463321100000,HI-285
285,800017044,-156.808096040999999,21.098826923600001,-156.795527907999997,21.071302724900001,o,i,1,0,-156.796146915000008,21.073465615800000,HI-286
286,800012620,-156.807278908000001,21.103770123299999,-156.788625709000002,21.077433324499999,o,i,1,0,-156.789136570000011,21.077667966500002,HI-287
287,800001408,-156.785949641999991,21.081781724199999,-156.784416842000013,21.079996590299999,o,i,1,0,-156.785394064999991,21.081169869200000,HI-288
288,800005952,-156.788432308000012,21.094448123500001,-156.778380442000014,21.083697390000001,o,i,1,0,-156.779449386000010,21.085302187900002,HI-289
289,800017050,-156.775442308999999,21.089351189700000,-156.773236642000001,21.086467123799999,o,i,1,0,-156.773947286000009,21.087362072700000,HI-290
290,800014843,-156.763162509000011,21.100364722900000,-156.759997709000004,21.095398389100001,o,i,1,0,-156.760552415000006,21.096970127100001,HI-291
291,800010430,-156.748977709000002,21.128703787199999,-156.731140643000003,21.122173187300000,o,i,1,0,-156.731765083999989,21.122251760299999,HI-292
292,800010431,-156.751819108999996,21.131502787100001,-156.730767243000003,21.123887321200002,o,i,1,0,-156.731210368999996,21.124052645199999,HI-293
293,800014844,-156.740926642000005,21.136458386699999,-156.725818709999999,21.127685921000001,o,i,1,0,-156.726640940000010,21.128240972899999,HI-294
294,800003697,-156.732222709000013,21.155075185499999,-156.730455041999988,21.158255785400002,o,i,1,0,-156.730554457000011,21.158247357400001,HI-295
295,800010433,-156.750901241999998,21.164921518200000,-156.736168442000007,21.163727585099998,o,i,1,0,-156.736256824999998,21.163972603100000,HI-296
296,800003559,-156.958805035000012,21.157189321200001,-156.984783633999996,21.186912786899999,o,i,1,0,-156.983818735000000,21.186218921900000,HI-297
297,800003507,-157.110058629999997,21.184041788599998,-157.118115762000002,21.196722320999999,o,i,1,0,-157.118223811000007,21.196523587000001,HI-298
298,800003506,-157.125366028999991,21.195066188199998,-157.125653228999994,21.198408121000000,o,i,1,0,-157.125913881000002,21.197546660099999,HI-299
299,800003503,-157.126418828999988,21.180509989000001,-157.144163362000000,21.196851321299999,o,i,1,0,-157.143389229000007,21.195799020399999,HI-300
300,800016878,-157.147474361999997,21.188053588900001,-157.155499428000013,21.194340721600000,o,i,1,0,-157.150856717000011,21.191474121700001,HI-301
301,800012428,-157.163559028999998,21.142884991599999,-157.158370160999993,21.194136721700001,o,i,1,0,-157.162100419000012,21.194213118699999,HI-302
302,800003502,-157.153485560999997,21.188108521899998,-157.155499428000013,21.194340721600000,o,i,1,0,-157.154252920000005,21.191404189800000,HI-303
303,800012435,-157.097610830999997,21.118469526199998,-157.091932965000012,21.113358992399998,i,o,-1,0,-157.092977733999987,21.115304115299999,HI-304
304,800012434,-157.097151763999989,21.123407725900002,-157.097610830999997,21.118469526199998,o,i,1,0,-157.098023200999990,21.120014161099999,HI-305
305,800000016,-157.008912634000012,21.125732324600001,-157.046986032999996,21.096089326800001,o,i,1,0,-157.042322465000012,21.104844373199999,HI-306
306,800007983,-157.117658229999989,21.128168525900001,-157.108144363999997,21.111391792700001,o,i,1,0,-157.104853305999995,21.116464309400001,HI-307
307,800012433,-157.111569564000007,21.117806326400000,-157.108144363999997,21.111391792700001,o,i,1,0,-157.109659259000011,21.114491507499999,HI-308
308,800016881,-157.036759832999991,21.128792190799999,-157.058897432999999,21.105005192400000,o,i,1,0,-157.058898727000013,21.108884146200001,HI-309
309,800009070,-157.021908900999989,21.125468190799999,-157.059247833000001,21.099681526700000,o,i,1,0,-157.051503821000011,21.110015346000001,HI-310
310,800015724,-157.063004231999997,21.142864124300001,-157.097610830999997,21.118469526199998,o,i,1,0,-157.096313710999993,21.119571774099999,HI-311
311,800016946,-156.935547503999999,21.072776592600000,-156.938943104000003,21.065086193100001,o,i,1,0,-156.937882136000013,21.065769585000002,HI-312
312,800016954,-156.930379835999986,21.169129987200002,-156.930563436000000,21.169565920200000,o,i,1,0,-156.930480042999989,21.169396611200000,HI-313
313,800007964,-157.242321226000001,21.170407724000000,-157.253438224999996,21.175248723900001,o,i,1,0,-157.247648504000011,21.174453587900000,HI-314
314,800014623,-157.168489628999993,21.116231793200001,-157.166425828999991,21.092106528500000,o,i,1,0,-157.165443068999991,21.095664583300000,HI-315
315,800009071,-157.008725101000010,21.119241724999998,-157.042551099999997,21.096288392700000,o,i,1,0,-157.040120688000002,21.103128706300001,HI-316
316,800004523,-157.003216100999992,21.116841190999999,-157.031292901000000,21.090834192799999,o,i,1,0,-157.026367114000010,21.095758344499998,HI-317
317,800013507,-156.849856839000012,21.095814324300001,-156.837399040000008,21.059688392100000,o,i,1,0,-156.837614792000011,21.060098014000001,HI-318
318,800017019,-156.844940439999988,21.067948325700002,-156.841529439999988,21.053859592399998,o,i,1,0,-156.841444948999992,21.057266071299999,HI-319
319,800003692,-156.773934840999999,21.166903318399999,-156.770639440999986,21.176074784899999,o,i,1,0,-156.770127042000013,21.174498987000000,HI-320
320,800014848,-156.744967108999987,21.156439918600000,-156.742729508999986,21.157625518500002,o,i,1,0,-156.743120774000005,21.157297386600000,HI-321
321,800014849,-156.744967108999987,21.156439918600000,-156.742729508999986,21.157625518500002,o,i,1,0,-156.742648158000009,21.156131487600000,HI-322
322,800017042,-156.817703641000008,21.068858391300001,-156.816493307999991,21.067012391399999,o,i,1,0,-156.816589377000014,21.067253733400001,HI-323
323,800014816,-156.825523040000007,21.079973524800000,-156.821569240999992,21.065406325500000,o,i,1,0,-156.821639360999995,21.065663785500000,HI-324
324,800007967,-157.233872625999993,21.178791390499999,-157.247637757999996,21.181243923499999,o,i,1,0,-157.244588990000011,21.179645581500001,HI-325
325,800005731,-157.245880359000012,21.157337591800001,-157.258516224999994,21.170079191300001,o,i,1,0,-157.255023117000007,21.166491153399999,HI-326
326,800016854,-157.265607425000013,21.153584125300000,-157.270396825000006,21.160053391999998,o,i,1,0,-157.269845416999999,21.158624368100000,HI-327
327,800005726,-157.294447958000006,21.116918128700000,-157.297728425000003,21.118382128699999,o,i,1,0,-157.296047116000011,21.117627927699999,HI-328
328,800012399,-157.301773158000003,21.101505529699999,-157.308151624999994,21.104163329700000,o,i,1,0,-157.308106038999995,21.104124437700001,HI-329
329,800012417,-157.200561227999998,21.096239928700001,-157.202576160999996,21.089776929100001,o,i,1,0,-157.202091939000013,21.090883694999999,HI-330
330,800012407,-157.238554227000009,21.100621395000001,-157.241178759999997,21.087991395700001,o,i,1,0,-157.241120158999991,21.088606960700002,HI-331
331,800016947,-156.928334436999990,21.089524725600000,-156.942602703999995,21.065354793099999,o,i,1,0,-156.941948013999991,21.065963036100001,HI-332
332,800016968,-156.908872505000005,21.060686992899999,-156.911572704999998,21.056575527200000,o,i,1,0,-156.910505803000007,21.058733632100001,HI-333
333,800016948,-156.929375504000006,21.063476927100002,-156.928031237999988,21.061504727100001,o,i,1,0,-156.928898215000004,21.062089032100001,HI-334
334,800001299,-156.942865304000009,21.064775527199998,-156.943891436999991,21.063679993200001,i,o,-1,0,-156.943020173000008,21.064318478200001,HI-335
335,800012509,-156.939812636999989,21.075252792499999,-156.942602703999995,21.065354793099999,o,i,1,0,-156.942730633999986,21.066047882100001,HI-336
336,800005785,-156.974483701999986,21.101928991499999,-156.994609902000008,21.077736993100000,o,i,1,0,-156.994253178999998,21.078925940000001,HI-337
337,800016896,-156.995544235000011,21.099598391899999,-157.011684035000002,21.082655127100001,o,i,1,0,-157.008763511000012,21.086253141800000,HI-338
338,800014705,-156.954313702999997,21.079850326500001,-156.961849835999999,21.067786193200000,o,i,1,0,-156.961292465000014,21.068864481199999,HI-339
339,800014631,-157.108144363999997,21.111391792700001,-157.110139763999996,21.109156992799999,i,o,-1,0,-157.109592838999987,21.110001902800001,HI-340
340,800003504,-157.132076630000000,21.109484193099998,-157.126304430999994,21.098230593699999,o,i,1,0,-157.126537864999989,21.099174154600000,HI-341
341,800007978,-157.173094829000007,21.112520193400002,-157.174832562000006,21.092071994600001,o,i,1,0,-157.175261124000002,21.093300556599999,HI-342
342,800008192,-156.768974041999996,21.114844388200002,-156.751389042000000,21.101795522700002,o,i,1,0,-156.752271911999998,21.102763586599998,HI-343
343,800014657,-157.007248234999992,21.086458526800001,-157.010833501999997,21.082170593099999,o,i,1,0,-157.008518568000000,21.085991364800002,HI-344
344,800005725,-157.294447958000006,21.116918128700000,-157.298490758000014,21.116019928899998,o,i,1,0,-157.295733613000010,21.116454959799999,HI-345
345,800014642,-157.034394099999986,21.119428125300001,-157.050870766000003,21.100646926600000,o,i,1,0,-157.048194295000002,21.106790827200001,HI-346
346,800007599,-158.100751924999997,21.339423924399998,-158.106969125000006,21.321172125600000,o,i,1,0,-158.099441487000007,21.325560733300001,HI-347
347,800009790,-158.205034318999992,21.487830516399999,-158.220074584999992,21.478336250100000,o,i,1,0,-158.220134882999986,21.478535265100000,HI-348
348,800007552,-158.186095985000009,21.570999710999999,-158.185712719000009,21.573984643799999,o,i,1,0,-158.186208799000013,21.571903669899999,HI-349
349,800009809,-158.177700519000012,21.569610244000000,-158.178005385000006,21.574192310699999,o,i,1,0,-158.177368957999988,21.571586386800000,HI-350
350,800007872,-157.849134534000001,21.342594188300001,-157.866349337999992,21.330722899200001,o,i,1,0,-157.865441029000010,21.331917199100001,HI-351
351,800016646,-157.977586924999997,21.691006501400000,-157.979419925000002,21.696430634100000,o,i,1,0,-157.978867661000010,21.695373678100001,HI-352
352,800005528,-157.967292993000001,21.684773101699999,-157.962797193000000,21.693253701100002,o,i,1,0,-157.966326458999987,21.687519256500000,HI-353
353,800007541,-158.222881583999992,21.551164712599999,-158.240406183000005,21.545468246100000,o,i,1,0,-158.240363564000006,21.545460280099999,HI-354
354,800007540,-158.229172984000002,21.534240113700001,-158.229626184000011,21.533997713700000,o,i,1,0,-158.229242007000011,21.534185052700000,HI-355
355,800003025,-158.216064184000004,21.530870313800001,-158.228324984000011,21.529861846999999,o,i,1,0,-158.225563988000005,21.530742626900000,HI-356
356,800007539,-158.204587118999996,21.515791047600000,-158.228177517999995,21.526942914199999,o,i,1,0,-158.227072531000005,21.526795329199999,HI-357
357,800014207,-158.210708184999987,21.504181715400001,-158.229481717999988,21.505287848500000,o,i,1,0,-158.227688277999988,21.505239597500001,HI-358
358,800014214,-158.196851720000012,21.467711384499999,-158.205660118999987,21.459015985200001,o,i,1,0,-158.201206178999996,21.463878406799999,HI-359
359,800005306,-158.180844586000006,21.459133917900001,-158.182327985999990,21.455405718100000,o,i,1,0,-158.181508524000009,21.457914739000000,HI-360
360,800007559,-158.173661786999986,21.456874318000001,-158.182327985999990,21.455405718100000,o,i,1,0,-158.176167327000002,21.455066168100000,HI-361
361,800000796,-158.141751521999993,21.427880586400001,-158.151779121999994,21.437635785900000,o,i,1,0,-158.147565899000000,21.435910877000001,HI-362
362,800014236,-158.142973922000010,21.441444718600000,-158.151779121999994,21.437635785900000,o,i,1,0,-158.148500790000014,21.439541775700000,HI-363
363,800014249,-158.127959389000011,21.387603788700002,-158.139886388999997,21.375792722600000,o,i,1,0,-158.137462384999992,21.378063923399999,HI-364
364,800005330,-158.124324989999991,21.370416322800001,-158.132024324000014,21.359526590500000,o,i,1,0,-158.130736960999997,21.360094504500001,HI-365
365,800000812,-158.125378323999996,21.348425191099999,-158.128722589999995,21.345643324400001,o,i,1,0,-158.126401899000001,21.347573749199999,HI-366
366,800005496,-157.984925728999997,21.399250786400000,-157.978227395999994,21.395523319500001,o,i,1,0,-157.981077658999993,21.396567152500001,HI-367
367,800010015,-157.946755996999997,21.393276186300000,-157.951296130000003,21.388883119599999,o,i,1,0,-157.947237715999989,21.393148402300000,HI-368
368,800003288,-157.931020730999990,21.392144919200000,-157.942223796999997,21.382977386899999,o,i,1,0,-157.939339550999989,21.384459382799999,HI-369
369,800016682,-157.931850931000014,21.387061986500001,-157.940607196999991,21.380642186999999,o,i,1,0,-157.936893217999994,21.382251939900002,HI-370
370,800001051,-157.910247531000010,21.388471986199999,-157.931717598000006,21.378079987100001,o,i,1,0,-157.929750844000012,21.378162120999999,HI-371
371,800016702,-157.914267531999997,21.370784987299999,-157.929930197999994,21.367874320700000,o,i,1,0,-157.918841246000000,21.368741204500001,HI-372
372,800005614,-157.883011533000001,21.348426788299999,-157.885055533000013,21.342484321699999,o,i,1,0,-157.885834882000012,21.345675486499999,HI-373
373,800012290,-157.891883132999993,21.351778188200001,-157.894609532999993,21.348423588399999,o,i,1,0,-157.893575196000000,21.350824130300001,HI-374
374,800003332,-157.895851598999997,21.353506188099999,-157.894609532999993,21.348423588399999,o,i,1,0,-157.895496468000005,21.352558959200000,HI-375
375,800023724,-157.845337400999995,21.347792787900001,-157.866349337999992,21.330722899200001,o,i,1,0,-157.867890022000012,21.333239699000000,HI-376
376,800004521,-157.827163602000013,21.331442121700000,-157.860892933999992,21.314942723100000,o,i,1,0,-157.854092021000014,21.316502598900001,HI-377
377,800001119,-157.844367334999987,21.335264588600001,-157.856991001000011,21.318731922800001,o,i,1,0,-157.855421831000001,21.321496899600000,HI-378
378,800007871,-157.846012801999990,21.325208789300000,-157.855856800999987,21.319431522700000,o,i,1,0,-157.855456210000000,21.319621550699999,HI-379
379,800004522,-157.800692402999999,21.326982721600000,-157.814810203000008,21.290788590999998,o,i,1,0,-157.813408753000004,21.292850367800000,HI-380
380,800012348,-157.793360204000010,21.300035590200000,-157.814810203000008,21.290788590999998,o,i,1,0,-157.812087155999990,21.289843766000001,HI-381
381,800012361,-157.775012537000009,21.304947122700000,-157.781564204999995,21.276170591500001,o,i,1,0,-157.783109625000009,21.278847675300000,HI-382
382,800001159,-157.775014338000005,21.287380190699999,-157.781564204999995,21.276170591500001,o,i,1,0,-157.780884479999997,21.277735078399999,HI-383
383,800003430,-157.769960405000006,21.285297390800000,-157.771507205000006,21.274178591500000,o,i,1,0,-157.773637990999987,21.277163014300001,HI-384
384,800001176,-157.764510938000001,21.294539590199999,-157.759651738000002,21.276049124200000,o,i,1,0,-157.760041779999995,21.276811994199999,HI-385
385,800007924,-157.755414537999997,21.292945123100001,-157.751668405999993,21.280258190900000,o,i,1,0,-157.753852193999990,21.285038412599999,HI-386
386,800005697,-157.732907339000008,21.320697588200002,-157.736099405999994,21.285128923399999,o,i,1,0,-157.736100802999999,21.285201531399998,HI-387
387,800016846,-157.721587007000011,21.289640189899998,-157.721551739999995,21.286919923100001,o,i,1,0,-157.721231614000004,21.288850125000000,HI-388
388,800001204,-157.682608340999991,21.314202588000001,-157.689727941000001,21.296527389100000,o,i,1,0,-157.689194087000004,21.297223625099999,HI-389
389,800016851,-157.681919741000002,21.293034789299998,-157.697138407000011,21.289523922600001,o,i,1,0,-157.693947575999999,21.289195328600002,HI-390
390,800007954,-157.704010606999987,21.318489720999999,-157.691120740000002,21.330415720100000,o,i,1,0,-157.699031805999994,21.327262504400000,HI-391
391,800005702,-157.725985138999988,21.336056387199999,-157.720701338999987,21.341320986800000,o,i,1,0,-157.720877360000003,21.341166807800001,HI-392
392,800003469,-157.712096739000003,21.331342787299999,-157.708752139000012,21.336684186999999,o,i,1,0,-157.707688426999994,21.334576608100001,HI-393
393,800010171,-157.736083137999998,21.338506120200002,-157.722764805999986,21.353540386100001,o,i,1,0,-157.727312396000002,21.343797175799999,HI-394
394,800010163,-157.762778403999988,21.382210117900001,-157.761779136999991,21.382838117799999,o,i,1,0,-157.762046988999998,21.382600587799999,HI-395
395,800003445,-157.759820803999986,21.381572184900001,-157.761779136999991,21.382838117799999,o,i,1,0,-157.759802129000008,21.381773491899999,HI-396
396,800016809,-157.790783935999997,21.401609117000000,-157.780989736000009,21.410780383399999,o,i,1,0,-157.790833206999991,21.405563311800002,HI-397
397,800001157,-157.800960401999987,21.410802716599999,-157.798443201999987,21.411743783500000,o,i,1,0,-157.799528473999999,21.411579840500000,HI-398
398,800016797,-157.816162001999999,21.411295583699999,-157.793625001999999,21.417766916100000,o,i,1,0,-157.794638676999995,21.418057964100001,HI-399
399,800003408,-157.835302332999987,21.452857381400001,-157.838082533000005,21.456191181299999,o,i,1,0,-157.836770062999989,21.454871669300001,HI-400
400,800007876,-157.857267000000007,21.448517381900000,-157.840678800000006,21.454437981400002,o,i,1,0,-157.844198806000009,21.454768476400002,HI-401
401,800016775,-157.854202933000010,21.455984981499999,-157.844520332999991,21.461354580999998,o,i,1,0,-157.849110153999987,21.458378039300001,HI-402
402,800007878,-157.850473999999991,21.468975913600001,-157.842502400000001,21.467836313599999,o,i,1,0,-157.849447846999993,21.468387116599999,HI-403
403,800001123,-157.860989598999993,21.488139112599999,-157.849898531999997,21.488734645400001,o,i,1,0,-157.854146643000007,21.487716222500001,HI-404
404,800005636,-157.859753598999987,21.509648711299999,-157.851479331999997,21.505453311400000,o,i,1,0,-157.854439611999993,21.508057694300000,HI-405
405,800010125,-157.847185332000009,21.535366709600002,-157.846343998999998,21.543709642000000,o,i,1,0,-157.846629264000001,21.543251652100000,HI-406
406,800001114,-157.874490197999990,21.554433508700001,-157.871115530999987,21.554281308699998,i,o,-1,0,-157.871129281999998,21.554279063700001,HI-407
407,800005627,-157.880232197999987,21.549756908999999,-157.878548998000014,21.551139508900000,o,i,1,0,-157.878978845999995,21.551170057899999,HI-408
408,800014511,-157.879659198000013,21.542229109499999,-157.878548998000014,21.551139508900000,o,i,1,0,-157.877200332999990,21.548518449100001,HI-409
409,800010088,-157.904085595999987,21.590655506800001,-157.898027796000008,21.597623039300000,o,i,1,0,-157.903739156000000,21.596866054400000,HI-410
410,800001100,-157.908042528999999,21.604864638999999,-157.907093529000008,21.607292838799999,o,i,1,0,-157.907355531999997,21.605227820900001,HI-411
411,800010060,-157.915319595999989,21.608633838799999,-157.910301596000011,21.610532038599999,o,i,1,0,-157.912282051999995,21.609432999700001,HI-412
412,800014455,-157.931631594999999,21.609210838900001,-157.920792994999999,21.626521037800000,o,i,1,0,-157.922547896999987,21.625047192899999,HI-413
413,800014458,-157.926694594999987,21.625553237900000,-157.921169528000007,21.628283304699998,o,i,1,0,-157.922870945000000,21.628235144700000,HI-414
414,800001041,-157.941315793999991,21.643062103999998,-157.938381593999992,21.647869303600000,o,i,1,0,-157.939773344000002,21.645764362800001,HI-415
415,800007778,-157.953355527000014,21.644214237000000,-157.939176793999991,21.648073236599998,o,i,1,0,-157.940081109000005,21.648703586600000,HI-416
416,800001040,-157.942958793999992,21.645468903800001,-157.939176793999991,21.648073236599998,o,i,1,0,-157.941521894000005,21.646807987700001,HI-417
417,800005476,-158.010758791000001,21.666439636200000,-158.021679323999990,21.691151634800001,o,i,1,0,-158.021211195999996,21.689397439899999,HI-418
418,800002262,-158.002290125000002,21.655626036800001,-158.021679323999990,21.691151634800001,o,i,1,0,-158.019698344000005,21.690996056800000,HI-419
419,800004517,-157.995464524999988,21.637839904800000,-158.034545188999999,21.681332902499999,o,i,1,0,-158.033174191000001,21.678687006699999,HI-420
420,800009927,-158.040434589000000,21.671367036199999,-158.042048322999989,21.673410636100002,o,i,1,0,-158.041404883000013,21.671831221200001,HI-421
421,800016590,-158.042220988999986,21.649300837599998,-158.058931188999992,21.658352704199999,o,i,1,0,-158.057739220000002,21.657684329199999,HI-422
422,800005434,-158.047436922999992,21.640006305200000,-158.063899988999992,21.642873105200000,o,i,1,0,-158.063714040999997,21.642989037200000,HI-423
423,800009908,-158.047776988999999,21.617432439600002,-158.073938722000008,21.628677039199999,o,i,1,0,-158.073027851999996,21.627708711299999,HI-424
424,800002259,-158.052537588999996,21.610417507099999,-158.081570188000001,21.622950639599999,o,i,1,0,-158.080334501000010,21.622039115700002,HI-425
425,800004515,-158.058593588999997,21.601767240699999,-158.087189187999996,21.617388707000000,o,i,1,0,-158.084834032000003,21.616407254100000,HI-426
426,800014298,-158.081630921999988,21.598107908199999,-158.093231722000013,21.605361107800000,o,i,1,0,-158.091199988000000,21.603657497899999,HI-427
427,800000841,-158.100679321999991,21.574675042799999,-158.102575387999991,21.578447242599999,o,i,1,0,-158.101532988000002,21.575326776800001,HI-428
428,800005375,-158.077181123000003,21.576778442500000,-158.105283987999996,21.580181842500000,o,i,1,0,-158.101306318000013,21.580767041500000,HI-429
429,800012086,-158.120946787000008,21.555358711200000,-158.120989586999997,21.562788043800001,o,i,1,0,-158.120321679000000,21.558725335999998,HI-430
430,800000840,-158.109238787999999,21.564612643499999,-158.117216721000005,21.567073243500001,o,i,1,0,-158.109723164000002,21.564912054499999,HI-431
431,800007882,-157.833924134999990,21.303940990400001,-157.835981002000011,21.300961723600000,o,i,1,0,-157.834276990000006,21.302727186500000,HI-432
432,800009830,-158.138254987000010,21.556351444400001,-158.143841586000008,21.571588243499999,o,i,1,0,-158.146225396999995,21.569872987600000,HI-433
433,800005435,-158.055569327000001,21.347515990400002,-158.037044992999995,21.334321191000001,o,i,1,0,-158.052509856999990,21.339546409800001,HI-434
434,800014210,-158.210766118999999,21.475978917199999,-158.219244919000005,21.476259917200000,o,i,1,0,-158.213137966999994,21.475265762199999,HI-435
435,800009937,-158.017631926999996,21.395223319999999,-158.014389528000009,21.388477987400002,o,i,1,0,-158.015525690000004,21.389153209400000,HI-436
436,800005575,-157.925232727999997,21.630558637600000,-157.920814795000013,21.632633704400000,o,i,1,0,-157.924429105999991,21.631280879500000,HI-437
437,800005576,-157.928482328000001,21.636996904200000,-157.920425795000000,21.633459637300000,o,i,1,0,-157.927803277999999,21.637393172199999,HI-438
438,800016698,-157.950014194000005,21.659820635999999,-157.943480327000003,21.665233235599999,o,i,1,0,-157.947516543999996,21.661895982899999,HI-439
439,800016743,-157.893350529999992,21.575404240600001,-157.889788729999992,21.575796440600001,o,i,1,0,-157.890485895000012,21.575780508600001,HI-440
440,800014223,-158.180258987000002,21.447480185600000,-158.184794186000005,21.449381118500000,o,i,1,0,-158.181107652000009,21.447429604600000,HI-441
441,800005462,-158.034025326999995,21.375002121400001,-158.025017327999990,21.363092189100001,o,i,1,0,-158.032561998000006,21.371912209600001,HI-442
442,800011283,-157.984097192999997,21.642627304400001,-157.948180726999993,21.671897102300001,o,i,1,0,-157.949491494000000,21.671957097300002,HI-443
443,800000849,-158.093137321999990,21.592975641599999,-158.103315121999998,21.593536841700001,o,i,1,0,-158.095008027999995,21.592461172699998,HI-444
444,800005465,-158.025011193000012,21.381643387899999,-158.020224393000007,21.378017921100000,o,i,1,0,-158.023542168000006,21.380965059899999,HI-445
445,800016505,-158.111979590999994,21.340243391500000,-158.113060791000009,21.337875124600000,o,i,1,0,-158.112715825999999,21.338624385599999,HI-446
446,800007879,-157.866180598999989,21.497092645100000,-157.849898531999997,21.488734645400001,o,i,1,0,-157.852472597999991,21.494266279100000,HI-447
447,800001193,-157.736127605000007,21.366474918500000,-157.738224604999999,21.375001784999998,o,i,1,0,-157.736378253999987,21.370710967299999,HI-448
448,800000813,-158.119655789999996,21.366049790000002,-158.129419589999998,21.358420190600000,o,i,1,0,-158.129074398999990,21.358350586600000,HI-449
449,800014276,-158.080824591999999,21.336416791400001,-158.087361791999996,21.307712993199999,o,i,1,0,-158.088856622000009,21.325988527100002,HI-450
450,800007846,-157.905166729000001,21.596250839500001,-157.904781729000007,21.601432706099999,o,i,1,1,-157.904722203999995,21.601314768100000,HI-451
451,800014497,-157.880306399999995,21.343972321500001,-157.885055533000013,21.342484321699999,o,i,1,0,-157.883935675000004,21.343004584599999,HI-452
452,800003418,-157.787768403999991,21.276662724500000,-157.778771404999986,21.266978725000001,o,i,1,0,-157.787385548000003,21.276371617500001,HI-453
453,800001116,-157.890261729999992,21.581743640199999,-157.887441596999992,21.582339107100001,o,i,1,0,-157.889818528999996,21.581841133200001,HI-454
454,800014514,-157.881142530000005,21.563496308200001,-157.875590331000012,21.559995241399999,o,i,1,0,-157.875852333000012,21.560187729399999,HI-455
455,800014512,-157.879827129999995,21.553898241799999,-157.876195931000012,21.557153641500001,o,i,1,0,-157.876717759000002,21.556711586599999,HI-456
456,800001112,-157.868452330999986,21.544180909300000,-157.875105931000007,21.553100708799999,o,i,1,0,-157.873688256999998,21.549891366000001,HI-457
457,800016784,-157.842635599000005,21.537833909400000,-157.840805132000014,21.538302109300002,o,i,1,0,-157.842151976999986,21.537957611400000,HI-458
458,800005507,-157.983980392000007,21.694023701300001,-157.983002591999991,21.696744234099999,o,i,1,0,-157.983221364999991,21.696374705099998,HI-459
459,800007727,-157.992900991999988,21.690971634499999,-157.990163391999999,21.704833033700002,o,i,1,0,-157.993545863999998,21.693481519399999,HI-460
460,800016810,-157.801571934999998,21.410885383600000,-157.798443201999987,21.411743783500000,o,i,1,0,-157.799339102000005,21.412477174500001,HI-461
461,800003440,-157.759414536999998,21.417437715700000,-157.766371335999992,21.416642782800000,o,i,1,0,-157.765023191000012,21.416092912900002,HI-462
462,800003449,-157.748687203999992,21.389912117300000,-157.751046537000008,21.396001983900000,o,i,1,0,-157.749112658000001,21.391357186200000,HI-463
463,800007948,-157.727154737999996,21.380454784600001,-157.730041537999995,21.380035984599999,o,i,1,0,-157.728598710000000,21.380647775600000,HI-464
464,800007958,-157.717359805999990,21.379733917500001,-157.709334538999997,21.383792384200000,o,i,1,0,-157.710624128000006,21.383227946200002,HI-465
465,800010173,-157.727536737999998,21.378417184700002,-157.730041537999995,21.380035984599999,o,i,1,0,-157.728642500000007,21.378770571699999,HI-466
466,800014585,-157.726098006000001,21.357482985899999,-157.725874605999991,21.357317918900002,o,i,1,0,-157.725921819000007,21.357371026900001,HI-467
467,800005719,-157.672208740999992,21.307680321300001,-157.670320207999993,21.295823988999999,o,i,1,0,-157.670341527999994,21.295859983000000,HI-468
468,800012392,-157.673028941000013,21.295797122000000,-157.670320207999993,21.295823988999999,o,i,1,0,-157.670608423999994,21.295821130000000,HI-469
469,800007939,-157.724859607000013,21.286693923100000,-157.721551739999995,21.286919923100001,o,i,1,0,-157.724244297000013,21.286774244099998,HI-470
470,800014594,-157.696458207999996,21.277607190400001,-157.704084007000006,21.280377723299999,o,i,1,0,-157.698781129999986,21.278070649400000,HI-471
471,800012388,-157.703838007999991,21.270135190900000,-157.708878607000003,21.271242323900001,o,i,1,0,-157.707073895999997,21.271382904799999,HI-472
472,800001050,-157.926621931000000,21.362234320999999,-157.932294530999997,21.364333787900001,o,i,1,0,-157.927042300000011,21.363020779900001,HI-473
473,800007568,-158.128783988999999,21.392411521500001,-158.144886589000009,21.381953922299999,o,i,1,0,-158.141360112000001,21.384524218100001,HI-474
474,800000956,-158.026226390000005,21.679716302599999,-158.031462589000000,21.684156902300000,o,i,1,0,-158.029952175000005,21.683339135400001,HI-475
475,800003218,-157.999255795000010,21.396076319700001,-158.000300995000003,21.389649187100002,o,i,1,0,-157.998796682000005,21.394950053799999,HI-476
476,800000973,-157.982266729000003,21.391453119800001,-157.984141996000005,21.388319320000001,o,i,1,0,-157.983309987000013,21.390862098900001,HI-477
477,800016570,-158.060244522999994,21.638457305500001,-158.063543388999989,21.640628038399999,o,i,1,0,-158.062944006999999,21.640791627300000,HI-478
478,800010179,-157.709886538999996,21.336557519999999,-157.708752139000012,21.336684186999999,o,i,1,0,-157.709582049000005,21.336542754000000,HI-479
479,800009067,-157.934423395000010,21.581269240699999,-157.913537995000013,21.617190905299999,o,i,1,0,-157.916109328000005,21.616711564300001,HI-480
480,800003370,-157.868279534000010,21.343159521499999,-157.885258800000003,21.334471522200001,o,i,1,0,-157.877320324999999,21.336002685000000,HI-481
481,800007714,-158.001262790999988,21.693442701500000,-158.010644391000000,21.696056101400000,o,i,1,0,-158.001354904000010,21.694221832400000,HI-482
482,800003073,-158.119245189999987,21.371155122699999,-158.129419589999998,21.358420190600000,o,i,1,0,-158.129236939999998,21.358681854600000,HI-483
483,800001186,-157.741421005999996,21.309534322000001,-157.736099405999994,21.285128923399999,o,i,1,0,-157.736208153999996,21.285226684400001,HI-484
484,800014583,-157.733262805000010,21.348434986600001,-157.728390138999998,21.350230586399999,o,i,1,0,-157.730234227000011,21.349654152399999,HI-485
485,800000783,-158.192990517999988,21.571485444000000,-158.192489383999998,21.575670910700001,o,i,1,0,-158.193262954999994,21.572183369000001,HI-486
486,800001043,-157.936951794000009,21.639250704199998,-157.938110794000011,21.647285503700001,o,i,1,0,-157.937298376000001,21.643738442899998,HI-487
487,800005658,-157.813599334000003,21.436532982199999,-157.812128733999998,21.437270582099998,o,i,1,0,-157.812855433999999,21.436984907100001,HI-488
488,800016674,-157.962820993000008,21.680951234900000,-157.954100793000009,21.683071101600000,o,i,1,0,-157.962086152000012,21.680806692899999,HI-489
489,800018384,-157.695127207000013,21.301412588900000,-157.693796940999988,21.294536589300002,o,i,1,0,-157.695714724999988,21.295947335200001,HI-490
490,800007953,-157.708725006999998,21.293192122600001,-157.709907539999989,21.286133190000001,o,i,1,0,-157.708335581000000,21.289962447800001,HI-491
491,800020086,-157.715729006999993,21.291969722699999,-157.717731340000000,21.286326523100001,o,i,1,0,-157.715400767999995,21.291035371800000,HI-492
492,800003259,-157.968224795999987,21.395920319399998,-157.968730528999998,21.393155719599999,o,i,1,0,-157.968591650000008,21.394257640500001,HI-493
493,800009206,-159.646409048999999,21.971075297399999,-159.655247315999986,21.965737297800001,o,i,1,0,-159.654485152999996,21.966069711799999,HI-494
494,800011857,-159.416685661000002,21.950820430800000,-159.397369927999989,21.943176231100001,o,i,1,0,-159.399613377000009,21.943872606100001,HI-495
495,800004613,-159.759163910000012,22.061035824899999,-159.761119842999989,22.062814224800000,o,i,1,0,-159.759487924000013,22.061157970899998,HI-496
496,800000095,-159.759403310000010,22.048413625799999,-159.764423042999994,22.042668693300001,o,i,1,0,-159.759596323000011,22.047749433900002,HI-497
497,800009157,-159.757875911000014,22.032658293899999,-159.756091711000010,22.031364494000002,i,o,-1,0,-159.756759816999988,22.031685784000000,HI-498
498,800015806,-159.743118111999991,22.006209829700001,-159.750865311000013,22.000101630200000,o,i,1,0,-159.743287478000013,22.006040588699999,HI-499
499,800015812,-159.754215643999999,22.023804094500001,-159.753272710999994,22.022333427600000,o,i,1,0,-159.753573377999999,22.022802369600001,HI-500
500,800009154,-159.745882311000003,22.008329895599999,-159.743118111999991,22.006209829700001,i,o,-1,0,-159.745671757999986,22.008191635599999,HI-501
501,800007506,-159.343486662999993,22.067906421000000,-159.342831128999990,22.063081888300001,o,i,1,0,-159.343484259999997,22.065857984099999,HI-502
502,800004642,-159.708362846999989,21.976454631500001,-159.711221112999993,21.971988631900000,o,i,1,0,-159.708061528999991,21.975434091600000,HI-503
503,800013596,-159.695551047000009,21.972366431699999,-159.691401447000004,21.968037032000002,o,i,1,0,-159.694320107000010,21.971366729800000,HI-504
504,800011438,-159.633329916999998,21.965824497600000,-159.652344117000013,21.941175033499999,o,i,1,0,-159.647781645999999,21.945483953200000,HI-505
505,800004692,-159.621823250999995,21.925926434299999,-159.637894517000007,21.921429834800001,o,i,1,0,-159.634098351999995,21.922501102700000,HI-506
506,800002522,-159.564931121000001,21.921898634100000,-159.578819519999996,21.916796234600000,o,i,1,0,-159.572471876000009,21.917280719499999,HI-507
507,800009310,-159.583587453000007,21.923910700099999,-159.582714852999999,21.917125634600001,o,i,1,0,-159.583045319999997,21.917536369600001,HI-508
508,800000394,-159.502177458000006,21.892714901600002,-159.503138323999991,21.888648501900001,o,i,1,0,-159.503160618999999,21.890317585799998,HI-509
509,800009458,-159.489620258000002,21.896545235200001,-159.487819658999996,21.885778435900001,o,i,1,0,-159.489247723000005,21.889555621700001,HI-510
510,800007263,-159.464951925000008,21.902906034499999,-159.469055126000001,21.879951502200001,o,i,1,0,-159.467836790999996,21.885534188800001,HI-511
511,800009667,-159.393294262000012,21.934734431700001,-159.388396929000010,21.943844831000000,o,i,1,0,-159.388418994000006,21.943631342000000,HI-512
512,800005106,-159.403839527999992,21.941984697300001,-159.397369927999989,21.943176231100001,o,i,1,0,-159.397854918000007,21.942339181200001,HI-513
513,800005156,-159.384655928999990,21.951434696400000,-159.384584063000005,21.946726030800001,o,i,1,0,-159.385434462999996,21.947686579700001,HI-514
514,800014112,-159.371567929000008,21.955165296099999,-159.364453663999996,21.952929896200001,o,i,1,0,-159.368441012999995,21.953670765100000,HI-515
515,800009736,-159.353543863999988,21.989180093500000,-159.350721063999998,21.988811227500001,o,i,1,1,-159.353513684000006,21.989179089499999,HI-516
516,800014153,-159.352568464000001,22.005568692400001,-159.346709863999990,22.003988026500000,o,i,1,0,-159.349396068999994,22.004403010499999,HI-517
517,800011948,-159.362026329000003,22.048217622500001,-159.346997063000003,22.051180689199999,o,i,1,0,-159.352541236999997,22.049630110300001,HI-518
518,800000749,-159.324339264000002,22.086508019499998,-159.318265663999995,22.081753886800001,o,i,1,0,-159.323245141000001,22.084812411700000,HI-519
519,800014195,-159.325833264000011,22.119332217299998,-159.296657732000000,22.107494817900001,o,i,1,0,-159.299626241999988,22.108683126799999,HI-520
520,800000007,-159.323077329999990,22.126204816800001,-159.295375532000008,22.119313017000000,o,i,1,0,-159.297035998000013,22.118900250100001,HI-521
521,800009787,-159.301042932000001,22.121727216899998,-159.295835864999987,22.121097616899998,o,i,1,0,-159.296706892999993,22.121260745899999,HI-522
522,800000761,-159.320769930000012,22.135324483100000,-159.313390263999992,22.143324882500000,o,i,1,0,-159.313652995000012,22.141861067600001,HI-523
523,800005262,-159.343252927999998,22.186512279799999,-159.334648128999987,22.191749012300001,o,i,1,0,-159.334954350000004,22.190588948399999,HI-524
524,800002825,-159.430478523999994,22.210767278700001,-159.429092857999990,22.216649078300001,o,i,1,0,-159.428569509999988,22.214888578400000,HI-525
525,800007346,-159.464341323000014,22.218602278399999,-159.464346922000004,22.222754678099999,o,i,1,0,-159.464424904999987,22.222595898100000,HI-526
526,800013877,-159.495307720999989,22.194017813399999,-159.494214054999986,22.197112880100001,o,i,1,0,-159.495311471000008,22.194366677300000,HI-527
527,800002744,-159.481380121999990,22.209312012200002,-159.486994922000008,22.205375812500002,o,i,1,0,-159.483004249000004,22.209041606200000,HI-528
528,800002784,-159.463193323000013,22.188688413500000,-159.463856056999987,22.190078080399999,o,i,1,0,-159.463389790000008,22.189449642500001,HI-529
529,800011705,-159.499908121000004,22.191329813599999,-159.501540855000002,22.194854080399999,o,i,1,0,-159.499813084000010,22.193773517400000,HI-530
530,800013846,-159.518945720000005,22.197527080299999,-159.516415854000002,22.201999480000001,o,i,1,0,-159.519043065999995,22.198287302299999,HI-531
531,800013810,-159.531925453000014,22.210134612499999,-159.533030319000005,22.215505679100001,o,i,1,0,-159.532159414999995,22.210440025499999,HI-532
532,800011643,-159.539619452000011,22.195339680600000,-159.536824719000009,22.201376480200000,o,i,1,0,-159.538461560000002,22.199219324300000,HI-533
533,800009382,-159.551965719000009,22.205685880000001,-159.549723118999992,22.208730679700000,o,i,1,0,-159.550663469000000,22.207914562799999,HI-534
534,800004802,-159.577128117000001,22.217823679300000,-159.575849449999993,22.223947478900001,o,i,1,0,-159.576680164000010,22.221563960000001,HI-535
535,800000131,-159.702035045000002,22.148765485199998,-159.717771443999993,22.151664018100000,o,i,1,0,-159.717582813000007,22.151119581100001,HI-536
536,800009160,-159.757870510000004,22.062952491800001,-159.759223643000013,22.063547024700000,o,i,1,0,-159.759185879000000,22.063533611699999,HI-537
537,800013567,-159.757977110000013,22.063960224700001,-159.759223643000013,22.063547024700000,o,i,1,0,-159.759135447999995,22.063612778700001,HI-538
538,800013686,-159.596372451999997,21.915033900899999,-159.598497318999989,21.909108235300000,o,i,1,0,-159.596587097999986,21.910947806199999,HI-539
539,800014157,-159.360630729000007,22.041823222900000,-159.352749863000014,22.044123422700000,o,i,1,0,-159.354895618999990,22.044386350700002,HI-540
540,800013579,-159.710609245999990,21.994176496300000,-159.720915445999992,21.982105697200002,o,i,1,0,-159.720139044000007,21.982510378200001,HI-541
541,800014110,-159.393895460000010,22.211373278400000,-159.386582460000000,22.215145278100000,o,i,1,0,-159.388499467000003,22.214690022100001,HI-542
542,800002356,-159.754080842999997,22.079826690499999,-159.764975442999997,22.075898023899999,o,i,1,0,-159.754838608000000,22.079196322600001,HI-543
543,800002365,-159.745711043999989,22.008880495500001,-159.752638243999996,22.007486429699998,o,i,1,0,-159.745894703000005,22.008477686599999,HI-544
544,800015712,-159.630982716999995,21.978728296700002,-159.658649115999992,21.942434033500000,o,i,1,0,-159.653059554999999,21.951272306800000,HI-545
545,800002385,-159.723228312999993,21.995890096299998,-159.726175245999997,21.991671696600001,o,i,1,0,-159.726141329999990,21.991727306600001,HI-546
546,800000436,-159.467513324999999,21.902245300600001,-159.473362659000003,21.880932036200001,o,i,1,0,-159.472675304000006,21.886937423700001,HI-547
547,800011894,-159.416678125000004,22.221190077900001,-159.417536259000002,22.222595610799999,o,i,1,0,-159.417215900000002,22.221572889899999,HI-548
548,800005205,-159.383391926000002,22.206947078599999,-159.374711260999987,22.216244810900001,o,i,1,0,-159.375757064999988,22.215154344999998,HI-549
549,800011992,-159.341271527999993,22.191876279399999,-159.334648128999987,22.191749012300001,o,i,1,0,-159.335840840999992,22.191619816300001,HI-550
550,800000764,-159.309149530000013,22.131048083300001,-159.297630064999993,22.142582282500001,o,i,1,0,-159.298554754999998,22.141670549499999,HI-551
551,800007156,-159.558309718000004,22.211426079599999,-159.549723118999992,22.208730679700000,o,i,1,0,-159.550661190000000,22.208689312800001,HI-552
552,800000315,-159.552368451999996,22.204281680099999,-159.543263051999986,22.212803679400000,o,i,1,0,-159.546051933999991,22.209970903599999,HI-553
553,800007348,-159.453907856999990,22.218022878399999,-159.450246056999987,22.221315611100000,o,i,1,0,-159.450409269999994,22.221240438100001,HI-554
554,800013928,-159.481511922000010,22.220601878400000,-159.485546320999987,22.229176277800001,o,i,1,0,-159.485723108999991,22.228766064900000,HI-555
555,800000571,-159.444711122999990,22.215163078500002,-159.441207724000009,22.222844877899998,o,i,1,0,-159.440717333000009,22.220666124099999,HI-556
556,800016221,-159.480452721999995,22.206679679400001,-159.481345922000003,22.209180012200001,i,o,-1,0,-159.481147822999986,22.208625475200002,HI-557
557,800007302,-159.476697322000007,22.204278679500000,-159.478613456000005,22.202235479700001,i,o,-1,0,-159.477170008999991,22.203695365600002,HI-558
558,800009534,-159.478613456000005,22.202235479700001,-159.480452721999995,22.206679679400001,o,i,1,0,-159.478966248000006,22.203087926599999,HI-559
559,800013926,-159.478613456000005,22.202235479700001,-159.481659121999996,22.200891612800000,o,i,1,1,-159.481572981999989,22.200911667800000,HI-560
560,800011760,-159.484006856000008,22.198297813000000,-159.486887456000005,22.205275212499998,o,i,1,0,-159.484455994000001,22.198609995999998,HI-561
561,800000391,-159.524428053000008,22.198059813299999,-159.516434919999995,22.206922879600000,o,i,1,0,-159.521861666999996,22.199979341199999,HI-562
562,800009419,-159.531890120000014,22.195056013599999,-159.536824719000009,22.201376480200000,o,i,1,0,-159.537080301000003,22.200064860299999,HI-563
563,800009535,-159.478400521999987,22.187079680699998,-159.472457055999996,22.200649412699999,o,i,1,0,-159.472636862999991,22.200246120799999,HI-564
564,800002742,-159.464764457000001,22.184210013800001,-159.474077321999999,22.204405279500001,o,i,1,0,-159.470669342999997,22.199408483799999,HI-565
565,800006981,-159.656705316000000,21.968869297600001,-159.659879049000011,21.962397298100001,o,i,1,0,-159.657479547000008,21.966971402799999,HI-566
566,800002520,-159.578223452999993,21.916425634599999,-159.578760652999989,21.916728500600001,o,i,1,0,-159.578424202999997,21.916454470600002,HI-567
567,800013685,-159.605969251999994,21.923267434400000,-159.598497318999989,21.909108235300000,o,i,1,0,-159.599642536000005,21.909710139300000,HI-568
568,800000755,-159.327272063999999,22.109738417999999,-159.326019930000001,22.105002018299999,o,i,1,0,-159.326055454999988,22.105774359200002,HI-569
569,800000748,-159.326872129999998,22.098740218700001,-159.318350129999999,22.098986485600001,o,i,1,0,-159.320278962000003,22.098137902700000,HI-570
570,800014165,-159.341475529000007,22.094980286100000,-159.318265663999995,22.081753886800001,o,i,1,0,-159.325156007999993,22.080148389000001,HI-571
571,800014187,-159.336484729999995,22.070819220699999,-159.330689664000005,22.062519021300002,o,i,1,0,-159.336337875999988,22.070208928800000,HI-572
572,800009744,-159.356733329000008,22.059188488699998,-159.346997063000003,22.051180689199999,o,i,1,0,-159.347550001000002,22.053160864100001,HI-573
573,800016419,-159.342024264000003,22.031282290499998,-159.348268264000012,22.023869691100000,i,o,-1,0,-159.347753466000000,22.025115838000001,HI-574
574,800000714,-159.348221263999989,22.017337891499999,-159.341901064000012,22.020983491199999,o,i,1,0,-159.344875421000012,22.016253735599999,HI-575
575,800014154,-159.352568464000001,22.005568692400001,-159.342681730000010,22.007644626200001,o,i,1,0,-159.343932615000000,22.010950871999999,HI-576
576,800011974,-159.350294864000006,21.999180092800000,-159.346709863999990,22.003988026500000,o,i,1,0,-159.348092127000001,22.002862535500000,HI-577
577,800006938,-159.748794511000000,22.092047622599999,-159.749882109999987,22.093550822499999,o,i,1,0,-159.748809588999990,22.092055769600002,HI-578
578,800009163,-159.754015909999993,22.079920290499999,-159.754565509999992,22.080305690500001,o,i,1,0,-159.754265040000007,22.080094989500001,HI-579
579,800006931,-159.759294442999987,22.063431291699999,-159.758520110000006,22.061493024899999,i,o,-1,0,-159.759285514999988,22.063383480700001,HI-580
580,800006915,-159.764438109999986,22.055076092400000,-159.759403310000010,22.048413625799999,i,o,-1,0,-159.760051180999994,22.049480157700000,HI-581
581,800006927,-159.756917843999986,22.027178894300000,-159.755867311000003,22.031331427000001,i,o,-1,0,-159.756052759999989,22.030598388100000,HI-582
582,800013565,-159.757094644000006,22.024794427500002,-159.753420710999990,22.024139627499999,i,o,-1,0,-159.754262366000006,22.024289634500001,HI-583
583,800006929,-159.757206843999995,22.024574094500000,-159.753621444000004,22.023952427499999,i,o,-1,0,-159.754360275000010,22.024080532500001,HI-584
584,800009152,-159.746154044000008,22.008825429500000,-159.746218911000000,22.008528095599999,o,i,1,0,-159.746163547999998,22.008823740499999,HI-585
585,800002366,-159.742078112000002,21.999469296200001,-159.737944445000011,22.000295630099998,i,o,-1,0,-159.739331408999988,22.000008759100002,HI-586
586,800009168,-159.733733712000003,21.995934230400000,-159.737105444999997,21.992723430600002,o,i,1,0,-159.733999100999995,21.995681508400001,HI-587
587,800004630,-159.732652911999992,21.991671830700000,-159.730391311999995,21.992057230600000,i,o,-1,0,-159.730454232999989,21.992000163600000,HI-588
588,800011380,-159.727818113000012,21.987568896900001,-159.725893113000012,21.988350896800000,i,o,-1,0,-159.726563719000012,21.988039054900000,HI-589
589,800011383,-159.728892712999993,21.983757897200000,-159.724121645999986,21.985988296999999,i,o,-1,0,-159.724615276999998,21.985440590000000,HI-590
590,800015824,-159.725538846000006,21.982056297300002,-159.723218245999988,21.985024497000001,i,o,-1,0,-159.723312434000007,21.984904025100001,HI-591
591,800000115,-159.721623913000002,21.984226031100000,-159.721712645999986,21.981813897300000,o,i,1,0,-159.721659711999990,21.983512185100000,HI-592
592,800000124,-159.711221112999993,21.971988631900000,-159.706379113999986,21.975182297600000,i,o,-1,0,-159.706661983999993,21.974657983600000,HI-593
593,800002827,-159.420334727000011,21.905192899999999,-159.421245661999990,21.899922700299999,o,i,1,0,-159.421095544999986,21.902005434199999,HI-594
594,800013961,-159.425269861000004,21.901587234299999,-159.421245661999990,21.899922700299999,o,i,1,0,-159.421748312999995,21.900062853300000,HI-595
595,800014004,-159.421245661999990,21.899922700299999,-159.419235127999997,21.895240634699999,i,o,-1,0,-159.419617765999988,21.895999607600000,HI-596
596,800011972,-159.340097930000013,21.985010627699999,-159.334983730000005,21.988419093400001,o,i,1,0,-159.334995087000010,21.987412019499999,HI-597
597,800015874,-159.680848112999996,22.165292883799999,-159.680895313000008,22.165590283800000,o,i,1,0,-159.680865156000010,22.165400268799999,HI-598
598,800002937,-159.371602529000000,21.950004696400001,-159.372222262999998,21.947801830600000,o,i,1,0,-159.371858602000003,21.949094475500001,HI-599
599,800000096,-159.758569044000012,22.042240493300000,-159.767051710000004,22.042569026300001,o,i,1,0,-159.762195649999995,22.041934330299998,HI-600
600,800011379,-159.733733712000003,21.995934230400000,-159.734372645000008,21.990201030800002,o,i,1,0,-159.733051031000002,21.994054926499999,HI-601
601,800000715,-159.351989328999991,22.041609022900001,-159.352733529000005,22.043856022700002,o,i,1,0,-159.352649240000005,22.043604901799998,HI-602
602,800007385,-159.419235127999997,21.895240634699999,-159.419231862000004,21.889254101100001,o,i,1,0,-159.419181228000014,21.893600033799999,HI-603
603,800007532,-159.314619529999987,22.104641685200001,-159.312162663999999,22.099001618599999,o,i,1,0,-159.314583042999999,22.104369207200001,HI-604
604,800009784,-159.315380330000011,22.110738484799999,-159.310695463999991,22.104150618199998,o,i,1,0,-159.311320843000004,22.105140025200001,HI-605
605,800002369,-159.755460043999989,22.032273226899999,-159.758625110999986,22.028346227200000,o,i,1,0,-159.756215657000013,22.030809812099999,HI-606
606,800014107,-159.389292659999995,22.199709412200001,-159.386498859999989,22.214755811100002,o,i,1,0,-159.386030172999995,22.214120968100001,HI-607
607,800004645,-159.705210047000008,21.975325231599999,-159.703924046999987,21.967554632100001,o,i,1,0,-159.699617724999996,21.972732230700000,HI-608
608,800011327,-160.144829625999989,21.910121440299999,-160.177647223999998,21.924036039499999,o,i,1,0,-160.164319030999991,21.918734339800000,HI-609
609,800009112,-160.142740492999991,21.887130841899999,-160.143141027000013,21.872991709000001,o,i,1,0,-160.142976134000008,21.873632711900001,HI-610
610,800006881,-160.121338693000013,21.919269105400002,-160.156535292000001,21.931421704800002,o,i,1,0,-160.155179709999999,21.931040204799999,HI-611
611,800011328,-160.158067826000007,21.922313239499999,-160.163648891000008,21.927975439099999,o,i,1,0,-160.160397772000010,21.924823325300000,HI-612
