OID_,vpuID,domain,start_DomL,end_DomLoc,FlowDir,multInt,long,lat,hl_link,flag,poi_id,flowpath_id,nex_id,START_X,START_Y,END_X,END_Y,order_,TopWdth,TopWdthCC,outside
217, ,gl,i,o,1,0,-76.370504095887270,44.267459036905109,LakeOntario216,wrong flowdir,386,wb-4604,nex-4528,-76.347229100800007,44.241404514700001,-76.365364550400002,44.277741367799997,1.000000000000000,6.501268771744960,19.503806315234900,0
218, ,gl,o,i,1,0,-76.380862696756026,44.263136455383176,LakeOntario217,,388,wb-4603,nex-4527,-76.381925325300003,44.264074591600000,-76.356941393499994,44.241407813400002,1.000000000000000,5.673263512246640,17.019790536739901,0
219, ,gl,i,o,1,0,-76.461889640894185,44.250296675351365,LakeOntario218,wrong flowdir,387,wb-4569,tnx-1000000829,-76.462365445100005,44.250247487199999,-76.437318299200001,44.269185703700003,1.000000000000000,6.232422636350820,18.697267909052499,0
220, ,gl,o,i,1,0,-76.410192890989094,44.309587085675503,LakeOntario219,,455,wb-4568,nex-4525,-76.349374866500000,44.318297234900001,-76.425611548099994,44.314297129700002,1.000000000000000,8.613491399528669,25.840474198586001,0
221, ,gl,o,i,1,0,-76.435508275086761,44.328297214644806,LakeOntario220,,451,wb-4567,nex-4524,-76.437889368000000,44.327741652400000,-76.428181326399994,44.325186090099997,1.000000000000000,5.333842874955060,16.001528624865198,0
222, ,gl,o,i,1,0,-76.341688289582862,44.375057783689840,LakeOntario221,,611,wb-4522,nex-4523,-76.321964018100005,44.396186744900000,-76.375215417299998,44.356964153699998,3.000000000000000,19.722912642528499,59.168737927585603,0
223, ,gl,o,i,1,0,-76.401335265809848,44.360075251971352,LakeOntario222,,357,wb-4564,nex-4565,-76.416331821200004,44.374186440199999,-76.392061718299999,44.354853005400003,1.000000000000000,6.610233037994710,19.830699113984100,0
224, ,gl,o,i,1,0,-76.743860924042394,44.200094846000411,LakeOntario223,,560,wb-4575,tnx-1000000813,-76.769389895000003,44.220852499199999,-76.740278961399994,44.193751497800001,2.000000000000000,14.936724213657300,44.810172640971999,0
225, ,gl,i,o,1,0,-76.801267367095249,44.180662029029463,LakeOntario224,wrong flowdir,382,wb-4583,tnx-1000000814,-76.780109423499994,44.178528533500000,-76.812933246900002,44.190296939600003,1.000000000000000,6.670697572356060,20.012092717068199,0
226, ,gl,o,i,1,0,-76.684301957269497,44.219032510641910,LakeOntario225,,444,wb-4586,nex-4585,-76.677020922200001,44.253852463500003,-76.686871728000000,44.216519036299999,1.000000000000000,6.558573652069000,19.675720956207002,0
227, ,gl,o,i,1,0,-76.695069785642033,44.221899447701389,LakeOntario226,,440,wb-4584,nex-4585,-76.715995770399999,44.246185819799997,-76.686871728000000,44.216519036299999,1.000000000000000,8.102105982757610,24.306317948272799,0
228, ,gl,o,i,1,0,-76.612693441149361,44.263741322304213,LakeOntario227,,539,wb-4589,nex-4590,-76.571374805900007,44.292074767000003,-76.615203672299998,44.261963538200000,2.000000000000000,12.447012001399001,37.341036004197100,0
229, ,gl,o,i,1,0,-76.621937244208425,44.264426384470141,LakeOntario228,,533,wb-4594,nex-4590,-76.633049298399996,44.265741357800003,-76.615203672299998,44.261963538200000,2.000000000000000,11.141332828584900,33.423998485754602,0
230, ,gl,o,i,1,0,-76.577799252933119,44.243332999918039,LakeOntario229,,449,wb-4602,nex-4599,-76.569376105700002,44.254185659400001,-76.537825046500004,44.246741139599997,1.000000000000000,7.184121893869920,21.552365681609800,0
231, ,gl,o,i,1,0,-76.500761131221168,44.291698545851261,LakeOntario230,,409,wb-4597,nex-4598,-76.486286817500002,44.299296974400001,-76.532685493100004,44.268741254799998,1.000000000000000,7.994534094748150,23.983602284244402,0
232, ,gl,o,i,1,0,-76.536045509192832,44.271570686937707,LakeOntario231,,383,wb-4600,nex-4598,-76.541394157599996,44.272852400600001,-76.532685493100004,44.268741254799998,1.000000000000000,5.452327910283640,16.356983730850899,0
233, ,gl,i,o,1,0,-76.057266686608273,44.357863444942097,LakeOntario232,wrong flowdir,360,wb-4704,tnx-1000000848,-76.083975897299993,44.326964613199998,-76.051282882500004,44.373187351299997,1.000000000000000,7.488025359204240,22.464076077612699,0
234, ,gl,o,i,1,0,-76.155502775932348,44.389852085505368,LakeOntario233,,604,wb-4616,nex-4617,-76.131373434699995,44.419631921399997,-76.190049435399999,44.359520097000001,4.000000000000000,23.706311739976499,71.118935219929497,0
235, ,gl,o,i,1,0,-76.192753858803485,44.364291604673895,LakeOntario234,,487,wb-4687,nex-4617,-76.210179175600004,44.386409141700000,-76.190049435399999,44.359520097000001,2.000000000000000,8.682510276048720,26.047530828146201,0
236, ,gl,o,i,1,1,-76.247564145269052,44.343408661480623,LakeOntario235,,530,wb-4691,nex-4692,-76.253151110999994,44.357519875000001,-76.227310794000005,44.343519839800003,2.000000000000000,9.571478294228809,28.714434882686401,0
237, ,gl,o,i,1,0,-76.320821798587076,44.315437611756408,LakeOntario236,,391,wb-4699,nex-4700,-76.321107353100004,44.335297393399998,-76.285844265999998,44.297630470000001,1.000000000000000,8.456799047588250,25.370397142764801,0
238, ,gl,i,o,1,1,-76.037398485351787,44.360047898192022,LakeOntario237,wrong flowdir,363,wb-4705,tnx-1000000852,-76.054138258300000,44.327409158499997,-76.020445870399996,44.372631895900000,1.000000000000000,6.402255463440900,19.206766390322699,0
239, ,gl,i,o,1,0,-77.843555281850740,44.007641117943308,LakeOntario238,wrong flowdir,375,wb-23379,tnx-1000000720,-77.831737829800005,43.999988991099997,-77.843840816300002,44.028630749100003,1.000000000000000,6.158523149600610,18.475569448801799,0
240, ,gl,o,i,1,0,-78.004594430888233,43.984767430972227,LakeOntario239,,531,wb-23368,tnx-1000000710,-77.991031744599994,44.025630684299998,-77.999712646600003,43.966630577600000,2.000000000000000,11.234664282272799,33.703992846818402,0
241, ,gl,i,o,1,0,-78.113036687792885,43.971695481960978,LakeOntario240,wrong flowdir,402,wb-23358,tnx-1000000694,-78.107528115500003,43.960283898000000,-78.102816872399998,43.990074986600000,1.000000000000000,6.665309376810430,19.995928130431299,0
242, ,gl,i,o,1,0,-78.152499146918046,43.966481670492726,LakeOntario241,wrong flowdir,348,wb-23356,tnx-1000000689,-78.145503650099997,43.957409571900001,-78.138079873400002,43.998741643700001,1.000000000000000,7.192273183376490,21.576819550129500,0
243, ,gl,o,i,1,0,-78.185906196413782,43.966886435560582,LakeOntario242,,508,wb-23347,tnx-1000000686,-78.187191084099993,43.969185994299998,-78.176286971200000,43.954255093000000,3.000000000000000,13.322534998572900,39.967604995718801,0
244, ,gl,o,i,1,0,-78.264510106156422,43.960121267482577,LakeOntario243,,526,wb-23340,tnx-1000000681,-78.262856628899996,43.979185957699997,-78.265103901200007,43.951046023600000,2.000000000000000,10.000959225936001,30.002877677808101,0
245, ,gl,o,i,1,0,-78.292259710417284,43.950291906846076,LakeOntario244,,580,wb-4716,tnx-1000000680,-78.308969781200005,43.990852616500000,-78.290679389999994,43.943630309600003,3.000000000000000,17.123659974815201,51.370979924445699,0
246, ,gl,i,o,1,0,-78.337648718913215,43.940061605958419,LakeOntario245,wrong flowdir,339,wb-23338,tnx-1000000678,-78.333692693100005,43.937204935700002,-78.354083557600006,43.953074728499999,1.000000000000000,6.183424911923740,18.550274735771200,0
247, ,gl,i,o,1,0,-78.397626923543669,43.928311891480632,LakeOntario246,wrong flowdir,378,wb-23336,tnx-1000000675,-78.396901795500000,43.919732500300000,-78.399625636600007,43.930963538000000,1.000000000000000,6.455620369884270,19.366861109652799,0
248, ,gl,i,o,1,0,-78.459015936036565,43.905476657721636,LakeOntario247,wrong flowdir,334,wb-23335,tnx-1000000673,-78.458638477500003,43.903669668399999,-78.464298255000003,43.926963482500000,1.000000000000000,6.868792253674650,20.606376761023999,0
249, ,gl,o,i,1,0,-78.484101555942004,43.898598126502407,LakeOntario248,,506,wb-23333,tnx-1000000671,-78.484570899100007,43.899185629400002,-78.483391592199993,43.896490017799998,1.000000000000000,8.025929667965960,24.077789003897902,0
250, ,gl,o,i,1,0,-78.583026318209988,43.907559793349833,LakeOntario249,,475,wb-23327,tnx-1000000667,-78.521261558600003,43.966074642599999,-78.576340077300003,43.896185573600000,2.000000000000000,11.803634408124500,35.410903224373399,0
251, ,gl,i,o,1,0,-78.705430167668055,43.885407708898697,LakeOntario250,wrong flowdir,376,wb-23299,tnx-1000000664,-78.682739456299998,43.879082628399999,-78.728699212699993,43.889741039999997,1.000000000000000,7.596095529266200,22.788286587798599,0
252, ,gl,o,i,1,0,-79.003648461707087,43.857506020286678,LakeOntario251,,489,wb-4822,tnx-1000000644,-79.022224092700000,43.909518700299998,-78.988477743199994,43.829962997999999,2.000000000000000,9.297579408018320,27.892738224055002,0
253, ,gl,o,i,1,0,-79.045494742088636,43.850179092491203,LakeOntario252,,369,wb-4780,nex-4758,-79.044067115499999,43.893296423199999,-79.043210500599997,43.843962981200001,1.000000000000000,7.351432226340830,22.054296679022499,0
254, ,gl,o,i,1,0,-79.076861229861834,43.850074074159238,LakeOntario253,,520,wb-4756,nex-4757,-79.136864291500004,43.875185187500001,-79.070193071299997,43.854518534900002,2.000000000000000,13.712142983716300,41.136428951149000,0
255, ,gl,o,i,1,0,-79.070822168108521,43.854785927228818,LakeOntario254,,490,wb-4770,nex-4757,-79.072905607600006,43.860296323199996,-79.070193071299997,43.854518534900002,3.000000000000000,13.321619382458300,39.964858147374997,0
256, ,gl,o,i,1,0,-79.124779190407253,43.799668355010624,LakeOntario255,,546,wb-4752,tnx-1000000640,-79.134151711599998,43.806407251400003,-79.116595798399999,43.794185018500002,3.000000000000000,18.103266103414299,54.309798310243004,0
257, ,gl,o,i,1,0,-79.105953646943192,43.804185052498212,LakeOntario256,,437,wb-4806,tnx-1000000638,-79.148999280400005,43.836073973200001,-79.104190475600006,43.803977922900003,2.000000000000000,7.975744856309770,23.927234568929300,0
258, ,gl,o,i,1,0,-79.151411927518382,43.771396014414563,LakeOntario257,,445,wb-4813,nex-4814,-79.198824177700004,43.774184886599997,-79.145287346499998,43.769518264699997,3.000000000000000,12.494955311302901,37.484865933908701,0
259, ,gl,o,i,1,0,-79.149079836165470,43.775692115398840,LakeOntario258,,306,wb-4820,nex-4814,-79.163704030299996,43.790073849800002,-79.145287346499998,43.769518264699997,1.000000000000000,6.104077178284040,18.312231534852099,0
260, ,gl,o,i,1,0,-78.982023585020386,43.874453635426960,LakeOntario259,,448,wb-4836,nex-4827,-78.987674962900002,43.881074220000002,-78.963119368199997,43.853963063099997,2.000000000000000,7.930864660111170,23.792593980333500,0
261, ,gl,o,i,1,0,-78.959241744910571,43.880869896228774,LakeOntario260,,509,wb-4825,nex-4826,-78.974540623199999,43.978074436699998,-78.961834493599994,43.878518672399998,2.000000000000000,10.362566510208000,31.087699530624100,0
262, ,gl,o,i,1,0,-78.961795880675311,43.880326506063454,LakeOntario261,,476,wb-4831,nex-4826,-78.990101994499994,43.941518793999997,-78.961834493599994,43.878518672399998,2.000000000000000,9.992288515183510,29.976865545550499,0
263, ,gl,o,i,1,0,-78.926325289980127,43.872438144105104,LakeOntario262,,361,wb-4838,nex-4839,-78.931711096200004,43.929074352999997,-78.927142590700001,43.870074227800004,1.000000000000000,7.704731556033570,23.114194668100701,0
264, ,gl,o,i,1,0,-78.928001422127863,43.872409310041689,LakeOntario263,,329,wb-4840,nex-4839,-78.932995958500001,43.874963124300002,-78.927142590700001,43.870074227800004,1.000000000000000,5.125398298808810,15.376194896426400,0
265, ,gl,i,o,1,0,-79.451944825593216,43.179344708591486,LakeOntario264,wrong flowdir,313,wb-5199,tnx-1000000841,-79.450834619299997,43.198268984700000,-79.450374396300006,43.174293658499998,1.000000000000000,6.324119795206780,18.972359385620400,0
266, ,gl,o,i,1,0,-79.357755516403927,43.665544362582295,LakeOntario265,,495,wb-4848,nex-4849,-79.360291071999995,43.671739965500002,-79.330881502899999,43.657739970500003,3.000000000000000,18.424912043250000,55.274736129750003,0
267, ,gl,i,o,1,0,-79.499337895927113,43.185519538296091,LakeOntario266,wrong flowdir,307,wb-5197,tnx-1000000832,-79.493330420199996,43.194861800500000,-79.513761887900003,43.167626810500003,1.000000000000000,5.943455878158280,17.830367634474801,0
268, ,gl,o,i,1,0,-79.479448437395433,43.638184129693911,LakeOntario267,,514,wb-5120,tnx-1000000649,-79.511193465600002,43.669184181399999,-79.471036687700007,43.631819819500002,4.000000000000000,24.662933577086701,73.988800731260000,0
269, ,gl,o,i,1,0,-79.562520553180946,43.197345728422704,LakeOntario268,,432,wb-5103,tnx-1000000816,-79.574865297299993,43.172848979299999,-79.551057625300004,43.204267164100003,2.000000000000000,10.655986771381800,31.967960314145500,0
270, ,gl,o,i,1,0,-79.489712336055447,43.626132460644612,LakeOntario269,,431,wb-5099,tnx-1000000651,-79.632115407399994,43.711517503400003,-79.475250362599994,43.618432547200001,2.000000000000000,11.528835477831800,34.586506433495302,0
271, ,gl,i,o,1,0,-79.538851448235732,43.592820796842375,LakeOntario270,wrong flowdir,274,wb-5096,tnx-1000000653,-79.535748867999999,43.588161029500000,-79.549026052599999,43.614183958300003,1.000000000000000,5.916920785383580,17.750762356150702,0
272, ,gl,o,i,1,0,-79.598783412424496,43.553686746745996,LakeOntario271,,515,wb-4889,tnx-1000000659,-79.650388968100003,43.539405799400001,-79.598402776300006,43.553390504100001,4.000000000000000,24.010065204694001,72.030195614081904,0
273, ,gl,i,o,1,0,-79.607411251827784,43.528850268724966,LakeOntario272,wrong flowdir,297,wb-4957,tnx-1000000666,-79.601643612499998,43.527579401399997,-79.615697079300006,43.527294697199999,1.000000000000000,5.275433849675000,15.826301549025001,0
274, ,gl,i,o,1,0,-79.610605885653058,43.517850229104852,LakeOntario273,wrong flowdir,286,wb-4956,tnx-1000000669,-79.602169596099998,43.517628018099998,-79.637682840899998,43.512739062500003,1.000000000000000,6.376937005645910,19.130811016937699,0
275, ,gl,o,i,1,0,-79.581491766132046,43.569294881953283,LakeOntario274,,390,wb-4959,nex-4960,-79.627689466500001,43.596406018800003,-79.571297283400000,43.568072669300001,1.000000000000000,8.663510380042220,25.990531140126699,0
276, ,gl,o,i,1,0,-79.574907463408692,43.573993517686745,LakeOntario275,,330,wb-4962,nex-4960,-79.580005955999994,43.575739348799999,-79.571297283400000,43.568072669300001,1.000000000000000,5.308323012232200,15.924969036696600,0
277, ,gl,o,i,1,1,-79.670224683422362,43.448176703292290,LakeOntario276,,469,wb-5049,tnx-1000000682,-79.700927524299999,43.451849863100001,-79.665915022199997,43.440267017300002,3.000000000000000,18.671773144469100,56.015319433407200,0
278, ,gl,o,i,1,0,-79.722791473447728,43.395738513621552,LakeOntario277,,472,wb-4968,tnx-1000000690,-79.850404333399993,43.428627332600001,-79.714220538800006,43.392084331000000,3.000000000000000,16.428725293192400,49.286175879577101,0
279, ,gl,i,o,1,0,-79.738515779479599,43.377437226346956,LakeOntario278,wrong flowdir,275,wb-5039,tnx-1000000692,-79.714396678499995,43.382294032099999,-79.785303459000005,43.395738359600003,1.000000000000000,7.349737274254600,22.049211822763802,0
280, ,gl,i,o,1,0,-79.749557952337568,43.367697768237463,LakeOntario279,wrong flowdir,345,wb-5037,tnx-1000000700,-79.741068765600005,43.360535245599998,-79.795011483099998,43.388960563399998,1.000000000000000,6.488558686659610,19.465676059978801,0
281, ,gl,i,o,1,0,-79.764195521206318,43.355423182433981,LakeOntario280,wrong flowdir,341,wb-5031,tnx-1000000701,-79.751323262900002,43.352439643099999,-79.807146513500001,43.383182769800001,1.000000000000000,6.745150718821510,20.235452156464500,0
282, ,gl,i,o,1,0,-79.772114191216929,43.349584417686799,LakeOntario281,wrong flowdir,336,wb-5030,tnx-1000000703,-79.761996632700004,43.344156261599998,-79.817996658200002,43.377738310399998,1.000000000000000,6.087638931663420,18.262916794990300,0
283, ,gl,i,o,1,0,-79.792441706819261,43.334593418851227,LakeOntario282,wrong flowdir,298,wb-5029,tnx-1000000707,-79.789300874899993,43.326872803100002,-79.793583828099997,43.339515988099997,1.000000000000000,6.815077825569670,20.445233476708999,0
284, ,gl,o,i,1,0,-79.931384352206067,43.276046279312368,LakeOntario283,,384,wb-5010,nex-4745,-79.909937360200004,43.350071566200000,-79.923214504800001,43.272071359000002,2.000000000000000,10.206404964734199,30.619214894202599,0
285, ,gl,o,i,1,0,-79.937152539957708,43.265849119341453,LakeOntario284,,491,wb-4743,nex-4744,-79.946913505400005,43.263404668299998,-79.929210637200001,43.266960234099997,3.000000000000000,16.383250599505001,49.149751798514899,0
286, ,gl,o,i,1,0,-79.928919401309258,43.263955786530403,LakeOntario285,,396,wb-5005,nex-4744,-79.948055625199999,43.254293533000002,-79.929210637200001,43.266960234099997,2.000000000000000,9.664771421024550,28.994314263073601,0
287, ,gl,o,i,1,0,-79.775455052108953,43.237958299036336,LakeOntario286,,434,wb-5022,tnx-1000000736,-79.791727872300001,43.226071243299998,-79.781685654300006,43.268515800700001,2.000000000000000,11.257622735606200,33.772868206818501,0
288, ,gl,o,i,1,0,-79.750352440412769,43.227048709630310,LakeOntario287,,462,wb-5033,nex-5034,-79.723055359300005,43.193626650500001,-79.751037408299993,43.233293429000000,2.000000000000000,8.092916152209851,24.278748456629501,0
289, ,gl,o,i,1,0,-79.754586690523297,43.229197735886828,LakeOntario288,,320,wb-5036,nex-5034,-79.764600012900004,43.204737754000000,-79.751037408299993,43.233293429000000,1.000000000000000,5.812960753860860,17.438882261582599,0
290, ,gl,i,o,1,0,-79.692789862462121,43.428017833056629,LakeOntario289,wrong flowdir,280,wb-5042,tnx-1000000683,-79.684144690200000,43.424072007699998,-79.698072177300006,43.433516466500002,1.000000000000000,5.528042050443560,16.584126151330700,0
291, ,gl,i,o,1,0,-79.699822866631962,43.420849750715490,LakeOntario290,wrong flowdir,205,wb-5041,tnx-1000000685,-79.685773358500001,43.416500083400003,-79.771312484999996,43.426405108200001,1.000000000000000,8.711673839591761,26.135021518775300,0
292, ,gl,o,i,1,0,-79.548242035941144,43.590129289635058,LakeOntario291,,524,wb-5084,tnx-1000000655,-79.567442748999994,43.627850644799999,-79.541357070000004,43.584659744500001,3.000000000000000,15.260364730212100,45.781094190636303,0
293, ,gl,i,o,1,0,-79.557426196861456,43.585832677835867,LakeOntario292,wrong flowdir,288,wb-5095,tnx-1000000658,-79.541950356200005,43.580183859100003,-79.638967962099997,43.631517230900002,1.000000000000000,8.257841876770289,24.773525630310900,0
294, ,gl,i,o,1,0,-79.511062980671966,43.603971409053315,LakeOntario293,wrong flowdir,278,wb-5097,tnx-1000000657,-79.499585859500002,43.597594550600000,-79.513334831500003,43.613739559300001,1.000000000000000,5.793543078537980,17.380629235613899,0
295, ,gl,o,i,1,0,-79.410059811411145,43.644116828628796,LakeOntario294,,285,wb-5194,nex-5195,-79.420252260200002,43.655962052400000,-79.404976391000005,43.634184234199999,1.000000000000000,7.163140513190740,21.489421539572199,0
296, ,gl,o,i,1,0,-79.419939780496406,43.640718831109211,LakeOntario295,,277,wb-5196,nex-5195,-79.430388541300005,43.644962004299998,-79.404976391000005,43.634184234199999,1.000000000000000,5.740759296162180,17.222277888486499,0
297, ,gl,i,o,1,0,-79.337136686109147,43.170849506599495,LakeOntario296,wrong flowdir,315,wb-5229,tnx-1000000861,-79.338785434599998,43.180586118999997,-79.360575315099993,43.136182627300002,1.000000000000000,6.671225949595510,20.013677848786500,0
298, ,gl,o,i,1,0,-79.209816180971927,43.208094728588890,LakeOntario297,,486,wb-5246,tnx-1000000854,-79.193398086100004,43.153516529599997,-79.215581822299995,43.244696275800003,4.000000000000000,25.793677099183299,77.381031297549995,0
299, ,gl,o,i,1,1,-79.329879049278645,43.168739959681432,LakeOntario298,,480,wb-5338,nex-5337,-79.331451449900001,43.166960615999997,-79.321029685200003,43.180960703300002,1.000000000000000,9.816651098465030,29.449953295395101,0
300, ,gl,o,i,1,0,-79.319105947281628,43.171130151735156,LakeOntario299,,435,wb-5336,nex-5337,-79.358719212699995,43.092626890699997,-79.321029685200003,43.180960703300002,2.000000000000000,11.204576991425601,33.613730974276898,0
301, ,gl,o,i,1,0,-79.274443582905008,43.181037042025935,LakeOntario300,,460,wb-5345,nex-5346,-79.245364343199995,43.152294126199997,-79.271775928400004,43.190183096500000,2.000000000000000,11.936324729750400,35.808974189251302,0
302, ,gl,o,i,1,0,-79.280056245499281,43.181877389230181,LakeOntario301,,299,wb-5352,nex-5346,-79.280484454000003,43.158516274999997,-79.271775928400004,43.190183096500000,1.000000000000000,6.122180243585090,18.366540730755300,0
303, ,gl,o,i,1,0,-78.892878985077061,43.865786747460504,LakeOntario302,,340,wb-5357,nex-5356,-78.895020461300007,43.869074242499998,-78.886740084200000,43.854296437099997,1.000000000000000,6.033440148260120,18.100320444780401,0
304, ,gl,o,i,1,0,-78.902070131031678,43.859783058741243,LakeOntario303,,335,wb-5355,nex-5356,-78.906298896799996,43.866852009500001,-78.886740084200000,43.854296437099997,1.000000000000000,5.489136137760900,16.467408413282701,0
305, ,gl,o,i,1,0,-79.099253974691123,43.234801759593608,LakeOntario304,,441,wb-5362,nex-5363,-79.114449454600006,43.194516931300001,-79.122729957100006,43.255739325299999,2.000000000000000,8.300667018703759,24.902001056111299,0
306, ,gl,o,i,1,0,-79.126584524556108,43.226034332818244,LakeOntario305,,359,wb-5365,nex-5363,-79.136435179900005,43.192183521099999,-79.122729957100006,43.255739325299999,1.000000000000000,8.024464416092369,24.073393248277100,0
307, ,gl,i,o,1,0,-79.056201654882443,43.242472115096064,LakeOntario306,wrong flowdir,511,wb-31,tnx-1000000892,-79.065551816300001,43.262795789499997,-79.045779652500002,43.158961490099998,1.000000000000000,9.172748067480720,27.518244202442101,0
308, ,gl,o,i,1,0,-79.086030099609388,43.239621005205265,LakeOntario307,,362,wb-23272,tnx-1000000869,-79.097032167899997,43.187405852399998,-79.099884262700002,43.259186463799999,1.000000000000000,8.159372052517980,24.478116157553899,0
309, ,gl,o,i,1,0,-78.844277921089144,43.866360155197071,LakeOntario308,,503,wb-23276,tnx-1000000647,-78.864325990099999,43.887407631400002,-78.829266745599995,43.867693498199998,3.000000000000000,13.271512175229301,39.814536525687799,0
310, ,gl,o,i,1,0,-78.766103652561469,43.875281103440216,LakeOntario309,,373,wb-23298,tnx-1000000654,-78.764390478199999,43.889185465200001,-78.761208514200007,43.868439651499997,1.000000000000000,6.449983727605690,19.349951182817101,0
311, ,gl,o,i,1,0,-78.780237387945078,43.871554413605338,LakeOntario310,,371,wb-23297,tnx-1000000652,-78.788946057900006,43.880629878299999,-78.781253450099996,43.869394632700001,1.000000000000000,5.338792092510700,16.016376277532100,0
312, ,gl,o,i,1,0,-78.819365323550812,43.891510749321696,LakeOntario311,,516,wb-23287,nex-23288,-78.800938330400001,43.908296598500002,-78.821639247099995,43.880963195299998,2.000000000000000,10.700231662407100,32.100694987221402,0
313, ,gl,o,i,1,0,-78.824918704634456,43.891077551287992,LakeOntario312,,502,wb-23293,nex-23288,-78.827778150200004,43.899185453699999,-78.821639247099995,43.880963195299998,2.000000000000000,9.852227503924979,29.556682511774898,0
314, ,gl,o,i,1,0,-78.687713487387498,43.905620527665292,LakeOntario313,,505,wb-23302,nex-23303,-78.734695371599997,43.954630066199996,-78.671022116700001,43.893629965800002,2.000000000000000,12.186331315108600,36.558993945325703,0
315, ,gl,o,i,1,0,-78.667966150517373,43.908897289378444,LakeOntario314,,482,wb-23311,nex-23303,-78.666310875700006,43.912741120699998,-78.671022116700001,43.893629965800002,2.000000000000000,12.065210191443301,36.195630574329797,0
316, ,gl,o,i,1,0,-78.605207413890980,43.909103228731055,LakeOntario315,,519,wb-23317,nex-23318,-78.617913519699997,43.942741210000001,-78.597783625500000,43.898074456000003,2.000000000000000,11.897737161684100,35.693211485052302,0
317, ,gl,o,i,1,0,-78.587098353106455,43.908074483450719,LakeOntario316,,328,wb-23324,nex-23318,-78.600067877000001,43.926185627300001,-78.597783625500000,43.898074456000003,1.000000000000000,6.178470566201280,18.535411698603799,0
318, ,gl,o,i,1,0,-78.368106114405634,43.938543706826636,LakeOntario317,,393,wb-23337,tnx-1000000674,-78.425466151400002,43.985852525799999,-78.369644951599994,43.930142003299999,1.000000000000000,9.003490416201281,27.010471248603800,0
319, ,gl,o,i,1,0,-78.066817639222620,43.978630548161334,LakeOntario318,,405,wb-23364,nex-23362,-78.070409175199998,43.979852769799997,-78.055989890399999,43.968741649400002,1.000000000000000,5.703552768645550,17.110658305936699,0
320, ,gl,o,i,1,0,-78.038144246859474,43.981808506757261,LakeOntario319,,410,wb-23363,nex-23361,-78.036145533999999,43.983852802700000,-78.055133299700003,43.970408319800001,1.000000000000000,5.465681970133780,16.397045910401300,0
321, ,gl,o,i,1,0,-78.053562884119742,43.980468871241442,LakeOntario320,,368,wb-23360,nex-23361,-78.087112713899998,44.032630631899998,-78.055133299700003,43.970408319800001,1.000000000000000,7.908554969266260,23.725664907798802,0
322, ,gl,o,i,1,0,-77.899915979738637,43.998433013472834,LakeOntario321,,392,wb-23378,nex-23375,-77.872679386100003,44.015297381499998,-77.902802842000000,43.990186215199998,1.000000000000000,6.908618562921950,20.725855688765900,0
323, ,gl,o,i,1,0,-77.927636323657396,43.996291360757766,LakeOntario322,,499,wb-23373,nex-23374,-77.934068421899994,43.999408440000003,-77.918935310099997,43.993408436099998,1.000000000000000,7.767951082081590,23.303853246244799,0
324, ,gl,o,i,1,0,-77.918891904237967,43.999220006598080,LakeOntario323,,352,wb-23377,nex-23374,-77.913081938100007,44.007408462500003,-77.918935310099997,43.993408436099998,1.000000000000000,5.538533647566450,16.615600942699299,0
325, ,gl,o,i,1,0,-77.659102611596211,44.057755288575777,LakeOntario324,,367,wb-23391,tnx-1000000733,-77.658674314999999,44.059186396500003,-77.670724833099996,44.034585475100002,1.000000000000000,6.313090366638450,18.939271099915398,0
326, ,gl,o,i,1,0,-77.676056106504063,44.057825377239396,LakeOntario325,,358,wb-23387,tnx-1000000732,-77.718635723399998,44.074519751799997,-77.671416933299994,44.034713495299997,1.000000000000000,8.003553840743930,24.010661522231800,0
327, ,gl,o,i,1,0,-77.387273104570056,44.166849692459380,LakeOntario326,,614,wb-23524,tnx-1000000716,-77.387420331599998,44.167630943500001,-77.380987245699998,44.155290858400001,5.000000000000000,37.877865377242202,113.633596131727003,0
328, ,gl,o,i,1,0,-77.608144139440469,44.108408697203686,LakeOntario327,,545,wb-24862,nex-23503,-77.616273039299998,44.108408697400002,-77.588576580099996,44.109964255900003,2.000000000000000,9.367693434166039,28.103080302498100,0
329, ,gl,o,i,1,0,-77.586713486638075,44.139525420761629,LakeOntario328,,602,wb-23501,nex-23502,-77.585150217199995,44.141297637699999,-77.590289764399998,44.122519830900004,5.000000000000000,60.425871952968400,181.277615858904994,0
330, ,gl,o,i,1,0,-77.581295554246367,44.135827311381377,LakeOntario329,,344,wb-24860,nex-23502,-77.558024820900002,44.160853223200000,-77.590289764399998,44.122519830900004,1.000000000000000,6.607585380120820,19.822756140362500,0
331, ,gl,o,i,1,0,-77.506797973247842,44.133499704947496,LakeOntario330,,356,wb-24870,nex-24867,-77.492923862799998,44.147742087799998,-77.526473695199996,44.116853156399998,1.000000000000000,7.995743707279080,23.987231121837301,0
332, ,gl,o,i,1,0,-77.534055999085069,44.130952035308212,LakeOntario331,,351,wb-24865,nex-24866,-77.521191385300000,44.160742111700003,-77.538465977000001,44.121519829999997,1.000000000000000,6.790045213350510,20.370135640051501,0
333, ,gl,o,i,1,0,-77.554398885000523,44.123142293881813,LakeOntario332,,347,wb-24868,nex-24866,-77.539179806400000,44.151964320700003,-77.538465977000001,44.121519829999997,1.000000000000000,6.041269182786780,18.123807548360301,0
334, ,gl,o,i,1,0,-77.330935280938434,44.181592022453913,LakeOntario333,,338,wb-24882,nex-24883,-77.305473076499993,44.202853170899999,-77.334597184600000,44.177742038600002,1.000000000000000,6.138308291687930,18.414924875063800,0
335, ,gl,o,i,1,0,-77.338969451778723,44.187561439808633,LakeOntario334,,333,wb-24884,nex-24883,-77.338880147500007,44.198964295800003,-77.334597184600000,44.177742038600002,1.000000000000000,7.212950208381600,21.638850625144801,0
336, ,gl,o,i,1,0,-77.204328202584463,44.211905308783003,LakeOntario335,,554,wb-24897,tnx-1000000731,-77.173129717099997,44.232408646300001,-77.248982273500005,44.176964208000001,3.000000000000000,19.879831337131101,59.639494011393403,0
337, ,gl,o,i,1,0,-77.080381768503798,44.209852937163362,LakeOntario336,,588,wb-24947,nex-24948,-76.994958749800006,44.246852901899999,-77.087185055299997,44.206852939999997,2.000000000000000,12.281968827558201,36.845906482674600,0
338, ,gl,o,i,1,0,-77.080974508067072,44.213019815212363,LakeOntario337,,436,wb-24952,nex-24948,-77.042642331400003,44.260075218300003,-77.087185055299997,44.206852939999997,1.000000000000000,7.514742590005190,22.544227770015599,0
339, ,gl,o,i,1,0,-76.906482904162658,44.230549378051421,LakeOntario338,,504,wb-25036,nex-25037,-76.875607139600007,44.279186171600003,-76.905159499400000,44.228074948400000,1.000000000000000,9.221329141937460,27.663987425812401,0
340, ,gl,o,i,1,0,-76.894309353593769,44.233853604160572,LakeOntario339,,493,wb-25040,nex-25037,-76.835204613499997,44.275297212799998,-76.905159499400000,44.228074948400000,1.000000000000000,8.666883354314599,26.000650062943802,0
341, ,gl,o,i,1,0,-75.833447318838637,44.494169756529118,LakeOntario340,,400,wb-25085,nex-25069,-75.839990942200004,44.488743640199999,-75.823858514999998,44.497743639200003,1.000000000000000,5.955192897289550,17.865578691868699,0
342, ,gl,o,i,1,0,-75.811113281752512,44.517551950761970,LakeOntario341,,601,wb-25067,nex-25068,-75.775889538000001,44.561966027700002,-75.826142749400006,44.499521433900000,3.000000000000000,13.751193363625701,41.253580090877200,0
343, ,gl,o,i,1,0,-75.827855921613434,44.513254919878705,LakeOntario342,,553,wb-25081,nex-25068,-75.838848807399998,44.514077099100000,-75.826142749400006,44.499521433900000,2.000000000000000,12.159798932949000,36.479396798847098,0
344, ,gl,o,i,1,0,-76.010612238463978,44.365396365150161,LakeOntario343,,399,wb-25094,nex-25090,-75.984183667099998,44.387409862699997,-75.878394772899995,44.422187770199997,1.000000000000000,9.613589778887221,28.840769336661602,0
345, ,gl,o,i,1,1,-75.900780481334095,44.456098968592585,LakeOntario344,,416,wb-25093,nex-25089,-75.901808141399997,44.461299192399999,-75.896668657800006,44.434187882499998,1.000000000000000,7.456400896639630,22.369202689918900,0
346, ,gl,o,i,1,0,-75.930953407773529,44.424537673275040,LakeOntario345,,501,wb-25087,nex-25088,-75.945922551300001,44.429632384000001,-75.917084063700003,44.420632266600002,2.000000000000000,9.893697464286751,29.681092392860201,0
347, ,gl,o,i,1,0,-75.930968246587270,44.410604223206406,LakeOntario346,,401,wb-25092,nex-25088,-75.954774070599996,44.392743212600003,-75.917084063700003,44.420632266600002,1.000000000000000,6.402244873271080,19.206734619813300,0
348,,gl,o,i,1,,-79.306408451688640,43.179451285448522,LakeOntario347, ,261,wb-5353,nex-5347,-79.305182841199994,43.188487478699997,-79.263125424400002,43.209561725199997,1.000000000000000,8.532724525350570,25.598173576051700,0
349,,gl,o,i,1,,-79.184076830381400,43.208882588660572,LakeOntario348, ,314,wb-5358,tnx-1000000865,-79.188148291999994,43.230986373299999,-79.187767706299994,43.231676840200002,1.000000000000000,8.417933133050560,25.253799399151699,0
350,,gl,o,i,1,,-79.634575014325435,43.209933824186692,LakeOntario349, ,326,wb-5079,tnx-1000000789,-79.620984723899994,43.225622115299998,-79.620271213099997,43.226177431499998,1.000000000000000,5.741846544456460,17.225539633369401,0
351,,gl,o,i,1,,-79.816140707927275,43.323037475898843,LakeOntario350, ,230,wb-5028,nex-4746,-79.807337787400002,43.314220345300001,-79.806432681900006,43.312321455599999,1.000000000000000,7.736316491545560,23.208949474636700,0
352,,gl,o,i,1,,-79.635411310983159,43.483840132016553,LakeOntario351, ,279,wb-5080,tnx-1000000672,-79.625008963400006,43.482627864000001,-79.624782774899998,43.482738975799997,1.000000000000000,8.086604342303501,24.259813026910500,0
353,,gl,o,i,1,,-79.591633423543612,43.560628173851171,LakeOntario352, ,325,wb-4955,tnx-1000000660,-79.591952191999994,43.551997252900001,-79.591854326399996,43.551738424200003,1.000000000000000,6.210195917912110,18.630587753736300,0
354,,gl,o,i,1,,-77.739262989695192,44.033795665737443,LakeOntario354, ,365,wb-23393,tnx-1000000727,-77.718065157500007,44.024520060299999,-77.718777156200005,44.024964116299998,1.000000000000000,8.092819276095950,24.278457828287799,0
355,,gl,o,i,1,,-77.431017475176304,44.147144669590887,LakeOntario355, ,474,wb-24875,tnx-1000000718,-77.427595887799995,44.137676467600002,-77.428536724200001,44.138574511500003,1.000000000000000,8.668160304577530,26.004480913732600,0
356,,gl,o,i,1,,-77.301905686897896,44.186407340726248,LakeOntario356, ,544,wb-24879,tnx-1000000722,-77.321462777600004,44.168195880500001,-77.318817256100004,44.170134303399998,1.000000000000000,10.854554296025400,32.563662888076202,0
357,,gl,o,i,1,,-77.253141713419325,44.192914822461148,LakeOntario357, ,346,wb-24930,tnx-1000000726,-77.254648635300001,44.179341934800000,-77.255219696899999,44.181222797899999,1.000000000000000,7.179480668456720,21.538442005370200,0
358,,gl,o,i,1,,-76.877608628435439,44.216628262184599,LakeOntario358, ,558,wb-25029,nex-25030,-76.921364048200005,44.187463215999998,-76.921291946300002,44.187604758100001,2.000000000000000,13.916353035204800,41.749059105614499,0
359,,gl,o,i,1,,-77.147243543254888,44.219888579794201,LakeOntario359, ,452,wb-24937,tnx-1000000738,-77.208303153399996,44.168700502900002,-77.198696054699994,44.176066392599999,1.000000000000000,10.468170189528500,31.404510568585600,0
360,,gl,o,i,1,,-75.892813981779796,44.447615412821108,LakeOntario360, ,416,wb-25093,nex-25089,-75.901808141399997,44.461299192399999,-75.896668657800006,44.434187882499998,1.000000000000000,7.456400896639630,22.369202689918900,0
